,Symbol,Date,Open,High,Low,Close,Volume,RSI,MACD,Signal,MA10,MA20,MA100,MA200,MFI,Ultimate,Next Up,Predicted Next Up
211,VNINDEX,2001-12-19,247.26,247.26,247.26,247.26,85300.0,32.8501,-3.4742,0.472272,272.804,280.527,340.723,269.913,23.4978,12.2041,1,0
225,VNINDEX,2002-01-21,203.27,203.27,203.27,203.27,79500.0,17.6751,-16.8648,-18.1538,219.786,238.16,321.9,277.651,23.591,3.6672,1,0
262,VNINDEX,2002-04-03,202.16,202.16,202.16,202.16,325800.0,58.2172,-0.330246,-2.87931,195.928,191.038,233.692,285.153,61.971,81.0645,0,1
264,VNINDEX,2002-04-05,198.77,198.77,198.77,198.77,113900.0,51.8718,0.171182,-1.37484,198.25,192.826,232.284,285.126,61.1583,63.0562,0,1
268,VNINDEX,2002-04-11,200.36,200.36,200.36,200.36,145800.0,54.3091,0.70705,0.232175,200.903,195.922,228.605,284.878,56.6765,48.2303,0,1
283,VNINDEX,2002-05-07,210.43,210.43,210.43,210.43,239700.0,64.0504,3.55298,3.36505,207.37,203.382,222.65,281.913,77.5594,73.5461,0,1
287,VNINDEX,2002-05-13,209.62,209.62,209.62,209.62,281800.0,58.456,3.15447,3.80376,210.007,205.321,221.429,281.071,70.6571,56.5308,1,0
299,VNINDEX,2002-05-29,203.65,203.65,203.65,203.65,170500.0,42.0613,0.580154,1.69089,207.754,209.089,213.15,278.142,33.785,29.2305,1,0
301,VNINDEX,2002-05-31,207.12,207.12,207.12,207.12,139200.0,51.7227,0.271145,1.04283,206.956,208.51,211.368,277.477,39.1094,41.1305,1,0
306,VNINDEX,2002-06-07,203.26,203.26,203.26,203.26,84600.0,41.9051,-0.276087,0.156463,205.316,207.253,207.449,275.366,38.2546,43.7675,1,0
308,VNINDEX,2002-06-11,203.53,203.53,203.53,203.53,40000.0,43.5135,-0.481999,-0.174068,205.025,206.698,206.139,274.318,28.4024,31.528,1,0
320,VNINDEX,2002-06-27,199.61,199.61,199.61,199.61,108100.0,45.6024,-1.7968,-2.57562,197.946,201.421,201.053,265.977,40.46,53.7083,1,0
343,VNINDEX,2002-07-30,196.94,196.94,196.94,196.94,105700.0,48.9844,-1.31336,-1.93018,194.798,196.695,200.096,235.373,41.5467,63.0851,1,0
356,VNINDEX,2002-08-16,191.67,191.67,191.67,191.67,105300.0,42.118,-1.97127,-2.14202,191.921,193.949,200.826,221.04,37.8811,37.0843,1,0
382,VNINDEX,2002-09-24,179.93,179.93,179.93,179.93,116500.0,14.7825,-2.58095,-2.35413,185.857,188.223,197.325,210.082,0.0,4.21382,1,0
418,VNINDEX,2002-11-13,175.63,175.63,175.63,175.63,65300.0,30.4987,-1.82809,-2.30704,175.698,177.225,188.015,194.778,26.8521,28.54,0,1
426,VNINDEX,2002-11-25,176.47,176.47,176.47,176.47,54500.0,45.4829,-1.02352,-1.55776,175.762,175.962,186.06,193.266,53.5856,59.1194,1,0
427,VNINDEX,2002-11-26,176.5,176.5,176.5,176.5,88200.0,45.7203,-0.905161,-1.43184,175.885,175.891,185.823,193.104,61.2342,58.1541,0,1
429,VNINDEX,2002-11-28,177.25,177.25,177.25,177.25,79300.0,51.8052,-0.656101,-1.16628,176.149,175.814,185.398,192.781,62.2685,66.3271,0,1
439,VNINDEX,2002-12-12,183.69,183.69,183.69,183.69,68400.0,62.0645,1.94267,1.98912,183.507,179.828,184.196,191.975,44.7813,59.2877,1,0
451,VNINDEX,2002-12-30,182.65,182.65,182.65,182.65,54700.0,49.5625,0.995151,1.71861,184.426,184.585,182.927,191.854,35.2647,18.7824,1,0
453,VNINDEX,2003-01-02,183.41,183.41,183.41,183.41,30300.0,53.6036,0.794357,1.39189,183.967,184.383,182.781,191.796,46.7093,41.7675,0,1
471,VNINDEX,2003-01-28,172.38,172.38,172.38,172.38,106000.0,28.6058,-2.7172,-3.20726,172.527,176.476,180.092,189.765,23.6328,32.2513,0,1
486,VNINDEX,2003-02-28,164.61,164.61,164.61,164.61,80200.0,29.6923,-3.06371,-3.8955,165.742,167.779,177.264,186.754,21.7439,27.2833,1,0
514,VNINDEX,2003-04-09,146.49,146.49,146.49,146.49,69900.0,33.4802,-4.51902,-5.79259,147.489,152.253,170.68,179.808,37.2936,43.9405,1,0
521,VNINDEX,2003-04-18,152.17,152.17,152.17,152.17,103300.0,49.682,-2.38541,-3.94304,148.928,149.026,168.864,178.063,67.6704,75.6016,0,1
535,VNINDEX,2003-05-13,158.54,158.54,158.54,158.54,146600.0,68.8898,1.06927,0.481713,154.749,152.779,165.347,174.984,61.7461,89.3251,0,1
538,VNINDEX,2003-05-16,155.8,155.8,155.8,155.8,167800.0,55.9532,1.09056,1.06821,155.811,153.874,164.508,174.421,58.8638,60.6089,0,1
545,VNINDEX,2003-05-27,152.56,152.56,152.56,152.56,118570.0,43.064,0.0147439,0.474029,154.325,154.537,162.304,172.92,51.5095,21.9037,1,0
566,VNINDEX,2003-06-25,152.64,152.64,152.64,152.64,32410.0,51.6748,-0.287527,-0.456602,152.066,152.021,156.52,168.773,58.9804,57.1858,0,1
570,VNINDEX,2003-07-01,152.62,152.62,152.62,152.62,35020.0,52.1337,-0.181867,-0.332251,152.119,152.069,155.732,168.001,57.8261,52.1608,0,1
580,VNINDEX,2003-07-15,150.59,150.59,150.59,150.59,30930.0,36.3271,-0.401642,-0.362491,151.506,151.813,154.096,166.195,61.9085,20.3827,1,0
586,VNINDEX,2003-07-23,149.63,149.63,149.63,149.63,35760.0,33.6728,-0.687841,-0.678083,150.387,151.194,153.203,165.233,56.8574,26.8604,1,0
600,VNINDEX,2003-08-12,141.9,141.9,141.9,141.9,70060.0,19.0875,-2.53606,-2.70442,143.51,146.557,150.841,162.739,17.9905,16.6373,0,1
609,VNINDEX,2003-08-25,142.26,142.26,142.26,142.26,47720.0,29.449,-1.72625,-2.36447,142.436,143.279,150.195,161.117,49.4751,35.4652,0,1
617,VNINDEX,2003-09-08,141.51,141.51,141.51,141.51,65130.0,30.9895,-1.17182,-1.5903,142.156,142.209,149.683,159.785,40.1157,34.4881,1,0
624,VNINDEX,2003-09-17,140.33,140.33,140.33,140.33,35130.0,28.2712,-1.14865,-1.37506,141.147,141.762,148.976,158.562,28.7307,27.2999,0,1
625,VNINDEX,2003-09-18,140.26,140.26,140.26,140.26,24220.0,27.8626,-1.13582,-1.37277,140.968,141.632,148.849,158.387,21.8005,20.2631,0,1
628,VNINDEX,2003-09-23,140.0,140.0,140.0,140.0,48270.0,27.545,-1.1016,-1.35964,140.45,141.285,148.465,157.839,28.4789,23.6615,0,1
656,VNINDEX,2003-10-31,136.21,136.21,136.21,136.21,70320.0,53.3013,-1.53614,-2.33908,132.998,134.699,143.522,151.208,31.1351,62.589,0,1
667,VNINDEX,2003-11-17,154.67,154.67,154.67,154.67,506350.0,85.1026,3.65103,2.08072,142.728,137.947,142.427,149.38,63.2742,91.8997,0,1
677,VNINDEX,2003-12-01,164.86,164.86,164.86,164.86,252080.0,75.8756,7.13218,7.95657,159.941,151.335,143.228,148.896,70.7166,78.1494,0,1
678,VNINDEX,2003-12-02,164.49,164.49,164.49,164.49,261380.0,74.8432,7.08557,8.17109,161.381,152.774,143.36,148.883,65.186,71.7499,0,1
696,VNINDEX,2003-12-26,166.03,166.03,166.03,166.03,78230.0,65.4733,3.53391,4.9011,166.762,164.815,146.371,148.936,47.4476,32.0125,0,1
732,VNINDEX,2004-02-26,250.64,250.64,250.64,250.64,934620.0,82.2258,16.7505,18.0386,234.644,222.829,168.441,158.175,80.25,87.8192,1,0
733,VNINDEX,2004-02-27,260.6,260.6,260.6,260.6,921170.0,85.076,17.5723,18.9446,238.994,225.143,169.654,158.695,85.0123,89.8841,1,0
737,VNINDEX,2004-03-04,265.03,265.03,265.03,265.03,724650.0,76.7658,19.6773,22.6085,258.277,237.617,174.899,160.947,74.9829,71.3928,1,0
743,VNINDEX,2004-03-12,262.88,262.88,262.88,262.88,526050.0,67.8878,14.2661,19.834,264.8,251.897,182.374,164.163,56.6545,49.9124,1,0
748,VNINDEX,2004-03-19,261.91,261.91,261.91,261.91,461790.0,64.8752,10.619,15.3539,261.247,261.374,188.766,166.909,45.9943,62.8817,0,1
754,VNINDEX,2004-03-29,275.66,275.66,275.66,275.66,448590.0,72.2323,8.66704,10.9005,263.634,263.87,196.738,170.301,52.3856,77.8254,0,1
760,VNINDEX,2004-04-06,271.3,271.3,271.3,271.3,206260.0,60.8479,7.79165,10.2775,271.551,266.286,205.053,173.964,57.0577,53.7039,0,1
783,VNINDEX,2004-05-11,256.91,256.91,256.91,256.91,242090.0,44.2999,0.146518,0.559638,261.615,258.628,228.724,186.347,55.4779,36.8813,1,0
852,VNINDEX,2004-08-16,221.0,221.0,221.0,221.0,77070.0,33.1183,-6.32574,-7.21663,225.044,233.018,251.287,222.601,27.5907,35.6212,1,0
853,VNINDEX,2004-08-17,222.19,222.19,222.19,222.19,79450.0,35.1702,-6.24224,-7.34107,223.858,231.916,250.786,223.05,31.3163,40.8928,1,0
854,VNINDEX,2004-08-18,223.61,223.61,223.61,223.61,99510.0,37.6292,-5.99241,-7.35138,223.068,230.896,250.266,223.502,37.0782,57.0049,1,0
875,VNINDEX,2004-09-20,230.85,230.85,230.85,230.85,50750.0,47.687,-0.327105,-0.523472,231.116,231.76,243.738,232.292,34.2707,52.624,1,0
890,VNINDEX,2004-10-11,230.75,230.75,230.75,230.75,101810.0,44.3387,0.225695,0.320461,232.586,231.827,239.265,237.389,65.7947,31.0131,1,0
923,VNINDEX,2004-11-25,221.33,221.33,221.33,221.33,137330.0,15.0928,-2.5946,-2.63108,224.553,227.618,232.37,244.46,0.0,2.89041,1,0
930,VNINDEX,2004-12-06,228.93,228.93,228.93,228.93,131210.0,53.2651,-0.503376,-1.47202,225.93,226.243,231.148,244.309,47.0059,63.7338,1,0
933,VNINDEX,2004-12-09,229.59,229.59,229.59,229.59,67590.0,54.7725,0.0616846,-0.613179,228.252,226.402,230.71,243.922,52.9346,52.7311,1,0
947,VNINDEX,2004-12-29,237.56,237.56,237.56,237.56,171340.0,64.9927,2.7484,2.83776,236.394,233.113,230.607,241.871,68.016,69.4562,0,1
962,VNINDEX,2005-01-20,234.59,234.59,234.59,234.59,111450.0,49.592,0.551119,1.04357,234.982,236.509,231.766,239.41,39.1339,47.2393,1,0
964,VNINDEX,2005-01-24,234.7,234.7,234.7,234.7,179260.0,49.6952,0.472921,0.835604,235.124,236.191,231.835,239.194,32.8995,48.7869,0,1
975,VNINDEX,2005-02-15,235.36,235.36,235.36,235.36,87640.0,53.9557,0.0451477,-0.0768558,234.145,234.628,232.174,237.956,44.7053,55.7305,0,1
993,VNINDEX,2005-03-11,237.01,237.01,237.01,237.01,176510.0,58.837,0.804599,0.862638,236.939,235.551,232.846,235.62,66.9992,64.5722,0,1
999,VNINDEX,2005-03-21,241.86,241.86,241.86,241.86,362770.0,74.4277,1.21041,1.15247,237.978,236.817,233.113,235.21,73.2198,82.2935,0,1
1004,VNINDEX,2005-03-28,244.84,244.84,244.84,244.84,386990.0,63.1009,2.891,2.67275,242.424,239.76,233.74,235.163,55.8574,67.3749,0,1
1009,VNINDEX,2005-04-04,245.68,245.68,245.68,245.68,217540.0,62.5573,2.68473,3.24392,245.682,241.83,234.429,235.02,57.7837,42.8247,0,1
1010,VNINDEX,2005-04-05,245.56,245.56,245.56,245.56,180090.0,62.1139,2.58701,3.23052,246.084,242.23,234.583,235.002,53.8901,46.1418,0,1
1028,VNINDEX,2005-04-29,246.25,246.25,246.25,246.25,180330.0,55.8791,0.973609,1.40927,245.898,245.977,238.197,234.811,49.923,47.2538,0,1
1037,VNINDEX,2005-05-16,242.45,242.45,242.45,242.45,113840.0,41.3532,-0.284711,0.0653187,244.057,245.007,239.434,234.822,48.8146,29.7445,0,1
1041,VNINDEX,2005-05-20,243.69,243.69,243.69,243.69,217670.0,49.4776,-0.545595,-0.501524,242.943,244.266,239.781,234.893,47.4876,50.1231,0,1
1047,VNINDEX,2005-05-30,244.56,244.56,244.56,244.56,154600.0,54.3221,-0.177226,-0.422075,243.132,243.594,240.108,235.358,53.9873,66.2589,0,1
1064,VNINDEX,2005-06-22,246.76,246.76,246.76,246.76,323450.0,61.1316,0.635724,0.772162,246.387,245.734,241.867,236.851,70.2531,75.9758,1,0
1076,VNINDEX,2005-07-08,248.32,248.32,248.32,248.32,237490.0,62.2871,0.599771,0.656446,246.863,246.632,243.386,237.796,58.5552,66.6225,1,0
1078,VNINDEX,2005-07-12,249.49,249.49,249.49,249.49,320560.0,67.0069,0.864444,0.810233,247.664,247.005,243.699,237.989,48.5324,72.4309,1,0
1080,VNINDEX,2005-07-14,249.43,249.43,248.67,248.67,268530.0,59.3737,0.943678,0.972198,248.187,247.311,244.023,238.174,47.8611,58.4259,1,0
1092,VNINDEX,2005-08-01,245.48,245.48,245.48,245.48,314340.0,44.2088,-0.466689,-0.218647,245.981,247.257,245.247,239.021,27.4937,38.5833,1,0
1097,VNINDEX,2005-08-08,250.27,250.27,248.87,248.87,228170.0,54.0903,0.628341,0.273016,247.267,247.665,245.846,239.414,41.3666,61.1542,1,0
1151,VNINDEX,2005-10-24,306.57,306.9,306.57,306.9,773040.0,75.4117,10.0263,12.098,303.095,293.805,260.33,250.361,61.836,72.1191,0,1
1177,VNINDEX,2005-11-29,306.19,307.77,306.19,307.77,309090.0,48.6914,1.05637,2.86987,309.534,314.541,277.383,260.462,12.6552,38.6564,1,0
1195,VNINDEX,2005-12-23,309.67,309.67,309.14,309.14,209690.0,43.3104,0.275905,1.097,313.029,312.422,289.172,267.392,27.7035,27.1264,1,0
1201,VNINDEX,2006-01-03,306.86,306.86,305.28,305.28,160870.0,36.0213,-1.065,-0.573441,308.815,311.518,292.674,269.413,20.0426,24.259,0,1
1221,VNINDEX,2006-02-08,324.28,325.0,324.28,325.0,799240.0,72.9111,2.29988,1.18445,313.262,309.996,304.112,275.797,77.103,76.8076,1,0
1237,VNINDEX,2006-03-02,409.77,412.82,409.77,412.82,1540760.0,94.3396,22.2366,21.1465,375.221,349.043,317.0,284.773,100.0,85.8672,0,1
1245,VNINDEX,2006-03-14,431.1,432.21,431.1,432.21,1696250.0,83.3411,25.2106,29.3775,412.819,386.207,326.69,291.628,81.0695,82.9503,0,1
1270,VNINDEX,2006-04-18,569.17,570.94,569.17,570.94,2274370.0,80.9408,36.5237,43.5474,544.059,512.27,373.221,323.206,84.3517,64.8233,1,0
1272,VNINDEX,2006-04-20,571.63,571.63,569.79,569.79,2509350.0,79.9774,36.0541,43.8499,552.773,523.378,378.427,326.44,76.2148,73.1897,1,0
1273,VNINDEX,2006-04-21,587.46,591.39,587.46,591.39,2727270.0,83.4448,36.9737,44.1602,557.441,530.145,381.286,328.157,76.9981,76.0954,1,0
1274,VNINDEX,2006-04-24,612.8,615.14,612.8,615.14,2284510.0,86.2618,39.1674,45.0808,564.919,537.752,384.42,329.997,85.0645,82.3854,1,0
1283,VNINDEX,2006-05-09,547.33,547.33,546.4,546.4,899310.0,47.1169,24.0997,39.1567,598.685,578.063,410.15,345.663,42.5935,29.6418,0,1
1293,VNINDEX,2006-05-23,540.56,540.56,538.6,538.6,1347640.0,44.9861,4.13035,10.8029,558.125,578.405,434.562,361.279,31.6599,39.2066,1,0
1296,VNINDEX,2006-05-26,543.67,545.39,543.67,545.39,852120.0,47.179,0.621951,5.19458,559.907,567.354,441.762,365.759,46.0351,39.35,0,1
1300,VNINDEX,2006-06-01,538.55,538.55,535.18,535.18,1030290.0,45.4401,-4.51833,-1.90789,544.005,554.077,450.815,371.464,35.5447,45.9087,1,0
1302,VNINDEX,2006-06-05,548.91,551.26,548.91,551.26,1010040.0,50.5299,-3.81413,-3.62113,541.584,550.245,455.626,374.435,41.3588,52.1153,1,0
1314,VNINDEX,2006-06-21,495.09,495.09,487.86,487.86,1714390.0,29.2199,-10.9963,-8.102,530.227,535.815,482.668,391.44,40.8653,11.3789,1,0
1320,VNINDEX,2006-06-29,506.31,512.29,506.27,512.29,767890.0,43.3611,-11.7969,-13.9333,508.099,526.706,494.354,398.919,28.1098,47.4336,1,0
1325,VNINDEX,2006-07-06,498.07,505.26,498.07,505.26,537820.0,42.1511,-10.481,-13.348,506.232,516.328,503.381,404.942,46.257,54.9375,1,0
1372,VNINDEX,2006-09-12,506.11,506.11,500.82,500.82,2318600.0,57.7894,12.3912,14.3687,504.068,490.655,511.819,445.123,74.1118,54.6686,1,0
1375,VNINDEX,2006-09-15,508.29,509.32,508.27,509.32,2453770.0,60.335,11.4113,14.5156,509.325,495.918,508.678,448.165,73.4355,48.3221,1,0
1392,VNINDEX,2006-10-10,531.97,531.97,527.18,527.18,1923660.0,58.1579,10.7621,13.9836,531.951,522.328,500.075,466.179,69.3163,48.891,0,1
1396,VNINDEX,2006-10-16,527.01,527.01,526.34,526.34,1867820.0,57.1416,7.21052,11.0164,531.546,525.674,499.228,470.495,67.8434,34.2218,0,1
1398,VNINDEX,2006-10-18,517.93,518.58,517.88,518.58,2191170.0,49.1482,4.95579,8.93648,527.297,526.061,498.967,472.602,52.3432,22.6355,1,0
1399,VNINDEX,2006-10-19,522.69,524.59,522.49,524.59,2016010.0,54.818,4.56817,8.00763,526.283,526.622,498.824,473.681,51.4413,42.1976,1,0
1414,VNINDEX,2006-11-09,530.14,531.69,530.14,531.69,2105710.0,60.3524,1.03402,0.384583,519.187,521.768,496.783,489.726,44.4542,65.3303,0,1
1418,VNINDEX,2006-11-15,570.63,570.63,563.09,563.09,3562490.0,76.124,7.13229,4.14492,531.246,526.637,498.4,494.444,71.4769,69.7395,0,1
1467,VNINDEX,2007-01-24,1049.82,1049.82,1016.39,1016.39,6023860.0,78.0594,80.8289,90.7012,978.686,884.456,641.716,578.137,74.6219,61.8299,0,1
1491,VNINDEX,2007-03-07,1139.3,1139.3,1132.23,1132.23,6944050.0,63.075,50.9808,65.7485,1128.57,1095.46,775.887,638.112,49.5496,47.8669,1,0
1520,VNINDEX,2007-04-17,968.96,968.96,965.72,965.72,4775440.0,31.1102,-23.3586,-21.0865,1023.88,1045.08,933.237,716.393,47.8663,18.1639,1,0
1560,VNINDEX,2007-06-18,1046.42,1046.62,1043.99,1043.99,5665300.0,47.488,-0.66293,2.74434,1045.34,1067.01,1053.39,829.592,45.0234,36.4538,1,0
1591,VNINDEX,2007-07-31,905.8,908.04,896.11,907.95,4511310.0,20.7461,-25.6292,-23.7515,962.457,987.711,1034.8,905.342,16.2494,20.7807,1,0
1610,VNINDEX,2007-08-27,911.01,911.01,906.55,909.07,5587740.0,44.3746,-18.7288,-26.257,900.666,905.786,998.582,941.792,57.1476,56.8834,0,1
1611,VNINDEX,2007-08-28,904.75,905.59,900.85,902.58,4675530.0,42.3764,-17.4857,-24.9077,898.609,905.517,997.099,943.72,50.1857,58.6806,0,1
1618,VNINDEX,2007-09-07,929.53,934.13,929.53,934.13,6208740.0,55.4019,-4.35564,-11.6022,914.852,909.273,989.021,957.053,61.9114,68.8442,0,1
1619,VNINDEX,2007-09-10,933.02,933.02,927.14,927.14,5534110.0,52.1609,-3.20871,-9.45545,917.018,908.846,988.462,958.89,60.8559,61.1921,0,1
1631,VNINDEX,2007-09-26,1029.73,1029.73,1015.39,1015.91,13588500.0,77.8617,17.9662,12.3742,959.179,939.599,987.661,978.714,70.1184,77.41,0,1
1655,VNINDEX,2007-10-30,1068.31,1071.15,1068.31,1069.78,11226900.0,52.3998,17.9393,29.9819,1086.63,1092.11,992.701,1019.29,41.9573,36.4014,0,1
1666,VNINDEX,2007-11-14,986.91,1008.16,986.91,993.75,12808500.0,34.7441,-14.778,-8.01308,1027.08,1055.04,991.326,1023.56,21.2397,27.1022,1,0
1667,VNINDEX,2007-11-15,1007.06,1007.61,999.6,1002.71,12715200.0,38.2878,-15.5884,-11.1511,1019.76,1050.75,991.023,1023.49,28.794,32.1335,0,1
1679,VNINDEX,2007-12-03,977.86,987.96,977.86,987.96,8220190.0,42.5605,-17.0437,-22.5578,981.253,994.667,987.582,1020.16,50.2469,44.4134,1,0
1684,VNINDEX,2007-12-10,966.72,968.17,958.48,958.48,6210520.0,33.0514,-15.8527,-19.7245,978.574,982.612,986.742,1017.45,46.4901,35.3835,0,1
1686,VNINDEX,2007-12-12,936.2,952.88,935.93,946.32,7460800.0,31.5899,-18.5791,-20.8236,970.045,978.613,985.999,1015.36,47.0146,27.8855,0,1
1697,VNINDEX,2007-12-27,923.08,925.11,921.75,921.75,5449580.0,36.8726,-19.8071,-25.2727,926.055,945.563,986.703,1003.81,37.8201,44.4883,1,0
1743,VNINDEX,2008-03-12,632.08,654.47,632.08,643.9,12166900.0,37.0884,-49.4657,-64.7264,636.12,689.848,899.387,944.787,41.1015,45.7752,1,0
1744,VNINDEX,2008-03-13,655.18,655.18,644.89,647.6,8930090.0,38.0029,-46.4693,-62.6858,633.068,681.055,894.811,942.577,48.5545,49.2118,0,1
1763,VNINDEX,2008-04-09,552.42,552.42,550.03,552.05,10436800.0,40.6664,-34.4112,-52.3991,528.957,549.563,794.922,893.925,73.9344,71.163,0,1
1799,VNINDEX,2008-06-10,374.33,374.46,373.0,373.0,1148220.0,6.71397,-36.5668,-42.4869,399.39,432.69,619.787,803.116,0.0,4.99146,0,1
1817,VNINDEX,2008-07-04,441.43,441.43,439.68,439.68,9995160.0,67.2326,-2.53274,-13.176,400.582,387.794,538.807,756.557,75.5588,77.2605,0,1
1831,VNINDEX,2008-07-24,435.73,440.9,434.0,435.79,22557100.0,46.872,11.9112,18.3886,467.387,446.163,492.395,722.246,50.1515,37.4208,0,1
1857,VNINDEX,2008-08-29,533.1,539.1,531.37,539.1,30771000.0,68.8647,28.135,30.821,533.957,493.697,462.671,643.752,69.3992,57.0483,1,0
1865,VNINDEX,2008-09-12,477.36,479.34,475.41,476.0,14210000.0,38.901,10.0115,22.7625,529.281,525.552,461.581,623.776,39.8876,27.3015,1,0
1868,VNINDEX,2008-09-17,436.42,438.79,436.42,437.24,13520700.0,29.8893,-4.27291,8.88556,502.083,520.375,459.217,615.653,31.2369,18.1202,0,1
1871,VNINDEX,2008-09-22,459.64,459.87,459.57,459.86,7469270.0,42.3966,-12.8078,-5.64641,470.11,508.986,456.525,607.475,36.8561,36.1684,1,0
1916,VNINDEX,2008-11-24,322.74,322.74,317.39,317.39,11031700.0,30.9402,-17.2466,-19.3681,337.707,345.68,434.987,488.624,50.4786,28.305,1,0
1919,VNINDEX,2008-11-27,308.67,309.59,303.54,303.54,12054400.0,27.9127,-18.9042,-20.9665,327.24,342.91,431.22,481.103,38.3314,20.896,1,0
1925,VNINDEX,2008-12-05,303.83,303.83,298.8,299.68,9960810.0,30.8201,-17.4746,-21.4047,310.44,326.504,421.963,465.349,35.4524,39.3545,0,1
1927,VNINDEX,2008-12-09,285.56,293.3,285.56,293.3,8266370.0,30.8657,-18.284,-21.7608,304.867,319.718,418.054,460.462,41.5689,37.1596,0,1
1946,VNINDEX,2009-01-06,312.91,315.02,312.88,314.04,9782810.0,51.3088,-2.10423,-4.84606,309.442,304.582,390.93,426.927,68.2071,70.1127,1,0
1951,VNINDEX,2009-01-13,308.57,309.16,306.92,307.13,6597860.0,44.9093,-0.974475,-1.62239,313.767,309.059,381.165,420.793,58.6712,51.9406,1,0
1959,VNINDEX,2009-01-23,300.38,303.21,300.38,303.21,3674610.0,43.5859,-2.9478,-2.89589,304.963,309.051,361.476,412.37,46.9732,38.3932,0,1
1976,VNINDEX,2009-02-24,236.57,236.7,234.66,235.5,9100590.0,15.0715,-15.4504,-15.6027,260.423,275.497,326.185,390.139,29.0775,16.3908,1,0
1978,VNINDEX,2009-02-26,241.78,242.76,237.88,242.53,12272600.0,25.257,-15.7647,-17.3061,253.878,269.783,321.943,387.405,28.3762,34.1457,1,0
1979,VNINDEX,2009-02-27,239.75,246.06,239.69,245.74,8014390.0,28.993,-15.4218,-17.7494,251.001,266.909,319.798,386.094,29.4463,41.7756,1,0
1981,VNINDEX,2009-03-03,241.79,242.51,240.96,241.46,8388490.0,28.1539,-14.6819,-17.9292,246.375,262.055,315.83,383.578,34.9204,42.8394,1,0
2006,VNINDEX,2009-04-08,316.65,326.66,313.39,313.76,55004200.0,69.8942,12.6239,10.8696,294.756,278.073,291.664,366.101,59.0211,67.9165,0,1
2012,VNINDEX,2009-04-16,346.19,346.19,339.71,343.88,44240800.0,73.7094,19.9458,20.6086,325.072,300.951,290.953,364.767,61.1354,63.0271,0,1
2016,VNINDEX,2009-04-22,313.87,323.88,313.87,321.86,51173700.0,57.9218,14.5378,20.2766,329.468,312.112,290.84,362.913,54.056,51.4398,0,1
2030,VNINDEX,2009-05-14,372.49,376.75,368.06,376.75,52474000.0,72.2421,19.9851,21.1921,359.972,341.253,296.939,355.002,79.6923,64.2078,1,0
2036,VNINDEX,2009-05-22,408.26,410.34,400.93,404.58,70469700.0,74.3273,24.8839,28.073,391.93,363.18,302.747,353.829,82.6461,66.1208,1,0
2038,VNINDEX,2009-05-26,425.08,429.92,423.96,425.03,54123100.0,79.1017,26.5351,29.937,401.116,374.264,305.135,353.63,82.9439,64.3284,1,0
2048,VNINDEX,2009-06-09,503.65,514.73,503.65,512.46,75914900.0,87.1796,35.9484,37.0382,451.49,426.303,319.082,353.19,78.9466,81.6389,0,1
2058,VNINDEX,2009-06-23,442.46,442.46,437.44,438.55,29795700.0,46.7985,18.8528,32.2855,480.748,466.119,336.559,350.294,49.7155,37.5596,1,0
2059,VNINDEX,2009-06-24,440.7,457.49,440.7,456.22,50442100.0,52.6872,16.5029,29.0226,476.619,467.672,338.089,349.782,49.2245,43.3858,0,1
2066,VNINDEX,2009-07-03,425.11,435.44,425.11,435.44,26085400.0,45.4076,2.49675,9.81546,447.595,470.036,349.306,347.552,35.5196,37.6808,1,0
2125,VNINDEX,2009-09-25,574.1,582.84,574.1,582.84,75929900.0,74.7215,19.7238,23.3175,570.307,554.499,474.717,383.734,92.1599,58.4695,0,1
2136,VNINDEX,2009-10-12,588.68,595.69,587.11,594.3,73708600.0,68.9072,10.8386,13.1097,569.779,571.315,494.66,398.703,56.0392,54.5325,0,1
2153,VNINDEX,2009-11-04,537.82,550.29,533.23,537.53,57302700.0,32.6716,-3.05555,6.34231,585.326,593.301,517.384,422.929,34.4959,23.8275,1,0
2161,VNINDEX,2009-11-16,550.97,554.54,545.7,545.7,45924800.0,42.5252,-11.0788,-11.8426,542.357,571.736,523.898,432.638,49.1311,37.4199,1,0
2163,VNINDEX,2009-11-18,547.17,553.83,543.96,553.83,49872800.0,46.4299,-9.67145,-12.2991,544.73,565.028,525.82,435.323,50.1441,53.2323,1,0
2205,VNINDEX,2010-01-18,499.08,499.24,487.13,487.13,39253900.0,44.3192,3.06584,5.85837,514.809,500.174,537.021,483.352,44.2154,35.2419,1,0
2224,VNINDEX,2010-02-12,505.34,508.72,504.78,507.0,22150600.0,56.5104,0.315986,-1.4917,493.917,489.813,525.041,498.784,56.6241,58.7,1,0
2251,VNINDEX,2010-03-30,504.71,506.29,500.72,500.72,47215800.0,43.8786,0.0741325,2.64091,509.188,515.133,504.002,510.134,49.9318,29.7245,0,1
2285,VNINDEX,2010-05-20,481.8,503.55,481.68,503.55,53771000.0,37.3845,-3.88388,0.030447,518.804,527.37,508.71,522.844,39.6449,40.2919,0,1
2293,VNINDEX,2010-06-01,505.18,509.13,503.65,508.68,35911100.0,48.5091,-5.81196,-8.36821,497.354,513.032,510.026,523.519,33.1483,65.9981,1,0
2294,VNINDEX,2010-06-02,505.18,511.1,504.79,510.74,37571400.0,49.8478,-4.91755,-7.81281,498.938,511.169,510.185,523.587,40.2203,69.2957,1,0
2313,VNINDEX,2010-06-29,509.84,511.37,509.46,510.71,41531700.0,51.8928,0.0946295,-0.114134,510.764,507.634,511.073,521.993,62.1121,50.4862,0,1
2318,VNINDEX,2010-07-06,505.75,505.75,500.7,500.82,45812900.0,42.0302,-1.23559,-0.743455,506.977,507.425,511.733,520.812,40.9804,49.3712,0,1
2330,VNINDEX,2010-07-22,503.13,503.62,500.04,500.28,45653200.0,42.6592,-0.859293,-1.09241,504.629,504.352,512.543,516.536,42.1919,35.9209,1,0
2337,VNINDEX,2010-08-02,494.78,495.26,491.27,491.61,34171500.0,35.4834,-3.58217,-3.26849,497.595,500.314,511.103,513.827,23.2004,23.4399,1,0
2369,VNINDEX,2010-09-17,451.49,457.58,450.64,457.58,46398100.0,50.0487,-4.41643,-6.80987,455.22,449.005,492.175,496.169,61.1208,56.5644,1,0
2381,VNINDEX,2010-10-05,440.91,450.96,440.63,450.96,31545400.0,46.8491,-2.31967,-2.91,451.567,452.624,482.104,494.216,48.8761,54.27,1,0
2409,VNINDEX,2010-11-12,444.78,446.86,436.5,441.6,38981300.0,40.6286,-1.63797,-1.4258,449.382,449.727,467.644,488.919,37.8367,53.8396,0,1
2425,VNINDEX,2010-12-06,467.3,468.78,462.87,465.56,85111300.0,67.5828,3.16557,-0.139293,448.029,441.93,457.406,484.777,79.493,66.1973,0,1
2426,VNINDEX,2010-12-07,461.71,466.1,460.76,460.76,81943800.0,62.0159,3.79563,1.15182,451.024,442.497,456.952,484.599,71.7736,63.7479,0,1
2434,VNINDEX,2010-12-17,483.0,485.29,476.27,485.29,69205000.0,64.7906,11.1506,10.9955,475.15,459.621,455.142,483.61,67.4227,67.6437,0,1
2450,VNINDEX,2011-01-11,477.97,480.79,475.48,477.44,33672500.0,53.0148,4.96707,7.37062,481.418,481.281,456.323,480.648,53.5375,45.4558,1,0
2451,VNINDEX,2011-01-12,480.82,481.65,477.49,478.45,25963300.0,54.0266,4.47337,6.84593,481.33,480.721,456.559,480.537,50.9997,40.5353,1,0
2501,VNINDEX,2011-03-31,462.27,465.31,460.74,461.13,21014300.0,43.7415,-5.88815,-7.3439,461.94,467.152,472.928,472.749,18.4707,37.533,0,1
2512,VNINDEX,2011-04-19,453.59,457.63,453.54,453.74,16524700.0,38.8827,-3.89972,-4.73186,459.897,460.823,474.685,469.974,30.8598,29.5108,1,0
2513,VNINDEX,2011-04-20,454.57,458.5,454.29,458.5,16546400.0,44.6693,-3.70377,-4.6535,460.022,460.336,474.963,469.713,38.057,37.9297,1,0
2515,VNINDEX,2011-04-22,460.89,462.44,454.01,456.45,21266900.0,43.0426,-3.36737,-4.37007,459.483,459.551,475.604,469.241,37.5558,35.3891,1,0
2517,VNINDEX,2011-04-26,463.77,468.12,461.54,461.86,19647300.0,48.9814,-2.26871,-3.68849,459.453,459.972,476.225,468.827,45.1042,44.129,1,0
2520,VNINDEX,2011-04-29,477.43,481.13,477.07,480.08,18604900.0,63.2617,0.958428,-1.46589,463.426,462.216,477.187,468.457,50.3073,57.9986,1,0
2536,VNINDEX,2011-05-25,388.64,389.9,385.72,386.36,28819200.0,16.924,-14.8309,-8.42531,443.705,460.086,475.014,464.953,22.3537,14.883,1,0
2547,VNINDEX,2011-06-09,439.82,444.13,437.87,443.95,26247300.0,50.9076,-5.05339,-10.0805,433.499,434.397,469.574,462.605,55.0681,56.6459,1,0
2563,VNINDEX,2011-07-01,429.91,430.04,424.26,425.29,21792400.0,40.6195,-3.2636,-3.12493,434.114,437.846,460.053,461.607,44.6469,30.6281,1,0
2586,VNINDEX,2011-08-03,393.6,394.15,388.79,391.47,21451500.0,23.5061,-8.58915,-9.14739,405.447,412.582,443.533,457.158,21.3439,38.776,1,0
2598,VNINDEX,2011-08-19,399.98,400.76,396.2,400.76,21476800.0,49.1707,-6.31164,-10.0375,390.634,396.774,434.484,453.561,42.5861,65.7047,1,0
2601,VNINDEX,2011-08-24,403.21,406.29,396.68,396.68,25328800.0,45.347,-3.92833,-7.09438,394.026,395.566,432.733,452.831,42.1087,55.8897,1,0
2603,VNINDEX,2011-08-26,403.21,405.96,402.81,404.41,23144300.0,52.6486,-2.51022,-5.37127,397.796,395.164,431.63,452.395,50.0175,55.6317,1,0
2619,VNINDEX,2011-09-20,459.32,459.32,454.17,454.37,38785800.0,62.2386,14.9645,18.4061,460.032,438.443,429.411,453.131,67.2111,53.1878,0,1
2638,VNINDEX,2011-10-17,415.52,415.52,410.33,410.84,20921600.0,36.1335,-6.00164,-5.89952,416.089,426.803,424.163,448.848,29.1599,34.5954,0,1
2639,VNINDEX,2011-10-18,407.44,408.11,404.32,404.32,21473500.0,32.0645,-6.72324,-6.57785,414.703,424.301,424.085,448.506,21.6075,34.0062,0,1
2650,VNINDEX,2011-11-02,410.02,412.06,407.07,407.79,24418500.0,41.4445,-3.47889,-5.22739,412.994,413.046,420.983,444.725,58.6272,33.564,1,0
2663,VNINDEX,2011-11-21,380.4,382.71,377.92,379.14,18436500.0,25.5686,-9.36468,-9.21222,392.624,402.824,415.874,437.963,14.801,25.6944,1,0
2672,VNINDEX,2011-12-02,380.92,383.88,380.36,383.88,19808900.0,38.8763,-7.6234,-10.0472,382.548,389.155,412.092,431.984,37.7433,38.45,1,0
2680,VNINDEX,2011-12-14,371.75,374.42,366.64,367.55,32579800.0,28.6695,-6.98434,-7.67765,380.597,381.647,409.528,428.504,32.4716,19.9878,0,1
2716,VNINDEX,2012-02-10,410.11,410.11,403.49,405.02,45896600.0,71.7599,12.4559,12.492,399.368,377.668,392.653,411.187,75.7931,60.6703,0,1
2717,VNINDEX,2012-02-13,402.37,402.37,395.54,395.54,28103500.0,61.0257,11.6207,13.0471,400.428,380.479,392.038,410.855,70.2749,49.0383,1,0
2720,VNINDEX,2012-02-16,395.2,398.44,393.66,396.51,31249900.0,60.0352,9.81211,13.0185,401.821,388.177,390.343,409.715,60.5467,56.2964,1,0
2722,VNINDEX,2012-02-20,409.83,414.5,408.98,413.98,42285100.0,70.1208,10.3117,12.7559,403.402,393.431,389.62,408.972,62.0839,62.9165,0,1
2726,VNINDEX,2012-02-24,427.1,429.42,423.43,423.43,68664700.0,72.301,12.2344,13.7966,408.364,403.866,389.047,407.782,77.6357,63.1525,1,0
2735,VNINDEX,2012-03-08,436.44,443.5,431.66,431.66,83407300.0,59.2701,14.5309,17.6256,434.314,420.419,390.517,407.127,52.2518,56.0101,1,0
2748,VNINDEX,2012-03-27,457.55,457.55,445.92,445.92,115772000.0,59.1371,10.3485,12.5775,444.331,440.095,394.328,407.969,52.979,46.9714,1,0
2760,VNINDEX,2012-04-13,467.48,468.38,462.52,462.52,118550000.0,65.5419,8.06334,8.75315,450.704,448.03,399.931,408.642,55.075,56.8565,1,0
2768,VNINDEX,2012-04-25,471.39,473.22,468.89,472.87,83805100.0,67.3744,8.81781,10.8609,467.753,457.137,406.794,410.203,63.2607,50.1693,0,1
2770,VNINDEX,2012-04-27,473.43,475.22,470.43,473.77,80076100.0,66.4463,8.67853,10.7155,469.373,460.039,408.598,410.711,64.5388,49.7904,0,1
2793,VNINDEX,2012-06-01,430.75,432.27,427.98,428.8,40392600.0,36.7644,-8.86861,-9.26193,435.727,451.911,428.586,416.568,33.9458,36.6319,0,1
2817,VNINDEX,2012-07-05,410.85,413.83,408.43,413.83,28260200.0,36.9413,-6.66501,-7.42528,418.6,424.812,440.779,416.408,16.3631,38.5946,1,0
2818,VNINDEX,2012-07-06,414.01,417.97,413.53,415.44,35761500.0,38.9517,-6.49661,-7.55065,417.427,423.939,440.931,416.177,12.6146,41.35,0,1
2839,VNINDEX,2012-08-06,419.29,423.77,419.29,423.16,39532200.0,55.5729,-1.13402,-2.32948,415.6,415.979,438.898,415.113,59.6035,55.4271,0,1
2849,VNINDEX,2012-08-20,435.33,437.61,434.92,437.28,32299400.0,69.4755,3.7741,3.02464,428.658,422.129,437.206,415.93,75.4045,61.013,0,1
2852,VNINDEX,2012-08-23,400.03,400.07,391.54,392.82,37075700.0,28.6442,-1.44263,1.55975,423.342,420.957,436.141,415.895,53.6069,30.9425,1,0
2857,VNINDEX,2012-08-30,394.9,399.44,393.37,397.25,35280900.0,39.5786,-7.48839,-5.95571,405.262,415.492,433.424,415.597,40.8529,50.0338,0,1
2863,VNINDEX,2012-09-10,395.72,396.27,386.19,388.88,40663300.0,37.3886,-7.19249,-8.32438,393.91,407.334,429.194,415.906,20.6783,45.7547,0,1
2870,VNINDEX,2012-09-19,391.05,396.17,390.89,394.55,37098700.0,44.3316,-5.05922,-7.38143,393.581,394.894,423.949,416.274,47.4501,51.1592,0,1
2884,VNINDEX,2012-10-09,394.36,394.87,392.26,393.67,33817900.0,49.6127,-3.21693,-4.8374,389.706,391.668,413.124,417.246,46.945,48.5585,1,0
2888,VNINDEX,2012-10-15,392.88,394.19,390.72,391.56,35599600.0,46.9748,-1.84362,-3.16305,390.243,391.298,411.363,417.926,46.4142,54.3394,1,0
2913,VNINDEX,2012-11-19,384.83,386.22,382.42,383.32,18508200.0,43.0538,-2.02478,-2.84725,384.765,386.628,401.608,421.016,48.16,48.5771,1,0
2920,VNINDEX,2012-11-28,376.13,377.32,374.15,375.79,16468900.0,33.9365,-3.10901,-3.07507,382.042,382.63,399.394,420.26,49.2902,40.0779,1,0
2927,VNINDEX,2012-12-07,386.44,386.6,383.8,383.8,26109500.0,50.1657,-1.28757,-2.50932,380.315,382.727,397.003,419.011,55.5995,59.6558,1,0
2950,VNINDEX,2013-01-11,468.39,469.16,461.74,462.69,71736200.0,93.568,17.19,16.0319,434.031,415.646,394.744,415.861,94.0954,77.576,0,1
2953,VNINDEX,2013-01-16,462.17,470.34,462.17,465.25,93433900.0,88.8756,19.0137,20.1736,448.39,426.077,396.573,416.157,93.4756,71.0453,0,1
2962,VNINDEX,2013-01-29,478.02,484.34,476.33,484.01,83689600.0,78.4633,16.0687,18.3456,459.428,451.564,402.361,416.194,61.6612,63.136,1,0
3021,VNINDEX,2013-05-03,471.14,475.24,470.81,475.24,24532200.0,44.1857,-4.03059,-3.61028,474.964,487.847,458.402,428.753,23.0914,44.0293,1,0
3025,VNINDEX,2013-05-09,485.44,488.57,485.2,486.22,45880300.0,52.1384,-1.30258,-2.83896,479.113,484.342,462.605,430.193,54.3097,54.1337,0,1
3028,VNINDEX,2013-05-14,486.94,487.45,480.79,483.85,43748000.0,49.7504,-0.325516,-1.53097,482.684,481.603,465.632,431.129,62.3428,50.8817,1,0
3075,VNINDEX,2013-07-18,495.68,500.51,494.23,496.84,49439600.0,54.5164,-0.936632,-3.26688,490.148,487.257,491.039,452.753,67.8505,54.6868,1,0
3089,VNINDEX,2013-08-07,496.95,502.26,495.02,500.1,35379900.0,56.6872,0.411985,-0.0836725,492.92,495.035,494.364,460.071,56.6162,60.278,0,1
3091,VNINDEX,2013-08-09,498.88,502.04,498.88,500.62,25936700.0,56.7999,1.03923,0.453302,494.233,496.055,494.748,461.087,52.9943,51.2536,0,1
3102,VNINDEX,2013-08-26,485.26,490.54,478.59,490.54,38985600.0,42.8324,0.268981,2.15237,500.932,498.271,495.63,467.117,49.6843,49.7199,0,1
3104,VNINDEX,2013-08-28,482.48,482.48,470.29,473.3,65368100.0,31.4127,-2.50931,0.204071,496.689,497.195,495.186,468.14,41.8118,41.1405,0,1
3128,VNINDEX,2013-10-02,492.58,496.86,492.58,494.39,75217400.0,63.3493,1.5694,-0.423754,485.239,480.533,493.658,479.645,73.385,57.3278,0,1
3150,VNINDEX,2013-11-01,499.21,499.27,496.93,497.08,38485400.0,52.2681,2.23371,3.60227,499.521,498.832,491.205,489.011,46.2674,34.173,0,1
3154,VNINDEX,2013-11-07,501.4,503.3,499.29,499.86,104888000.0,55.5003,2.06108,2.79373,498.709,498.885,491.099,489.795,39.7806,45.2304,0,1
3156,VNINDEX,2013-11-11,498.03,501.08,497.41,501.08,87692400.0,57.0926,1.89183,2.5419,498.957,499.462,491.113,490.284,38.532,53.0024,0,1
3179,VNINDEX,2013-12-12,503.77,507.68,503.76,506.92,67853400.0,52.4105,2.321,3.46221,509.402,507.651,495.012,493.622,59.1106,35.9375,0,1
3184,VNINDEX,2013-12-19,505.9,508.04,504.92,506.28,106819000.0,51.4519,0.839043,1.77711,507.048,507.836,495.747,494.52,65.7882,38.5458,0,1
3209,VNINDEX,2014-01-24,555.66,560.19,553.46,560.19,85521800.0,80.0124,13.2129,12.8051,542.647,525.839,503.149,498.378,94.451,62.5963,0,1
3211,VNINDEX,2014-02-06,555.51,557.29,551.45,554.68,87875600.0,72.4635,13.3111,14.5168,549.425,531.061,504.759,499.063,82.2717,56.8707,0,1
3212,VNINDEX,2014-02-07,557.71,558.51,549.37,549.76,119496000.0,66.1613,12.6689,14.8311,551.733,533.318,505.511,499.421,73.5233,49.1789,1,0
3238,VNINDEX,2014-03-17,603.05,603.24,598.7,600.36,161240000.0,72.7156,10.8194,12.4342,585.784,582.469,529.08,511.294,81.7997,54.3034,0,1
3244,VNINDEX,2014-03-25,609.01,609.46,601.85,601.85,245218000.0,64.9716,10.9374,13.3702,599.928,590.458,535.17,513.892,74.1028,43.3328,0,1
3248,VNINDEX,2014-03-31,596.41,597.22,591.57,591.57,117084000.0,53.8844,6.73662,10.4904,598.091,591.938,538.877,515.235,54.2913,36.5057,0,1
3262,VNINDEX,2014-04-21,564.21,568.44,558.14,558.14,93868900.0,32.7627,-3.57809,0.25222,586.599,589.372,551.042,521.696,38.6937,29.5408,1,0
3273,VNINDEX,2014-05-09,522.82,542.56,522.7,542.46,115489000.0,37.5425,-10.4334,-9.09124,561.932,572.73,557.081,525.784,41.2704,41.6681,0,1
3275,VNINDEX,2014-05-13,508.76,518.45,508.51,513.91,92140300.0,30.0167,-15.3052,-13.0226,551.046,564.049,557.189,525.967,33.9601,37.7781,1,0
3281,VNINDEX,2014-05-21,537.95,543.93,533.19,543.88,99864200.0,45.9743,-12.7112,-17.0712,529.802,548.79,558.732,526.984,58.7571,67.5027,0,1
3288,VNINDEX,2014-05-30,558.78,565.05,557.2,562.02,81363300.0,55.7134,-2.95282,-8.29082,547.228,541.789,561.907,529.056,82.6535,65.4673,0,1
3290,VNINDEX,2014-06-03,557.34,560.62,554.96,558.76,53295900.0,53.5287,-1.30036,-5.3236,551.728,541.57,562.933,529.643,78.3244,66.9277,0,1
3297,VNINDEX,2014-06-12,571.19,574.75,568.58,573.77,90147400.0,61.7771,3.53637,1.53442,561.781,552.878,566.856,531.702,72.4541,59.5426,1,0
3300,VNINDEX,2014-06-17,571.8,573.15,567.58,572.25,103159000.0,60.0779,5.01135,4.2662,565.933,558.831,568.476,532.779,61.08,55.0665,0,1
3301,VNINDEX,2014-06-18,571.74,575.03,570.03,570.03,95681000.0,57.8412,4.98013,4.81412,567.59,560.138,568.953,533.195,60.5025,50.1231,0,1
3326,VNINDEX,2014-07-23,599.56,599.56,594.1,597.5,58825500.0,67.1894,7.401,8.65594,591.602,587.719,574.234,546.356,60.3647,59.8144,1,0
3336,VNINDEX,2014-08-06,607.95,610.88,605.63,606.7,87400600.0,65.1501,5.99202,6.83578,597.666,594.634,575.796,551.425,72.9601,66.696,1,0
3342,VNINDEX,2014-08-14,605.03,607.84,604.08,605.25,109406000.0,61.5013,5.31368,6.82919,603.234,599.721,575.999,554.564,64.5946,48.8509,0,1
3361,VNINDEX,2014-09-12,631.31,632.91,627.42,632.5,142042000.0,63.9073,8.50686,11.7411,634.536,624.403,582.534,566.521,69.5704,50.8058,0,1
3386,VNINDEX,2014-10-17,585.95,591.85,577.79,585.28,118004000.0,29.3251,-4.99698,-3.21724,608.457,607.631,598.056,579.43,56.7589,39.3228,1,0
3392,VNINDEX,2014-10-27,590.33,591.59,580.02,580.8,99712600.0,33.1011,-6.83367,-6.70459,593.975,603.703,600.223,582.076,34.7089,42.7045,1,0
3394,VNINDEX,2014-10-29,585.68,591.83,585.68,591.2,94659700.0,42.5208,-7.09157,-7.70919,590.4,602.016,600.719,582.898,22.2143,48.1205,0,1
3408,VNINDEX,2014-11-18,600.86,602.53,594.25,594.25,128869000.0,43.3611,-0.90507,-1.32914,600.651,596.99,604.785,587.712,54.1198,27.5427,0,1
3412,VNINDEX,2014-11-24,585.08,586.54,580.92,582.53,111511000.0,36.1345,-3.3951,-2.5676,595.917,596.229,605.107,588.367,40.5744,25.3825,1,0
3439,VNINDEX,2014-12-31,538.68,546.62,537.91,545.63,106297000.0,46.2566,-10.8768,-15.7765,534.766,544.716,593.478,584.728,61.8445,53.7858,0,1
3446,VNINDEX,2015-01-13,573.26,580.65,573.26,580.6,93250900.0,66.8452,1.47777,-4.38777,554.016,543.661,590.417,583.373,88.2159,66.3199,0,1
3451,VNINDEX,2015-01-20,570.78,574.96,570.14,572.22,72955300.0,58.9354,5.15954,3.85777,570.346,554.685,587.982,583.036,72.2843,52.2446,0,1
3455,VNINDEX,2015-01-26,584.89,586.76,580.64,580.64,92614600.0,62.715,6.32352,6.37043,576.057,562.675,585.552,582.578,66.9589,45.7275,0,1
3484,VNINDEX,2015-03-16,583.26,586.19,580.55,580.8,98790000.0,46.3517,3.12568,5.93138,590.806,588.971,575.99,586.711,37.53,29.7882,1,0
3498,VNINDEX,2015-04-03,548.69,550.3,544.22,547.85,69546300.0,34.9369,-9.94831,-9.97898,553.676,568.323,571.498,586.639,18.2239,37.5773,0,1
3505,VNINDEX,2015-04-14,559.81,562.95,558.49,558.67,64342800.0,47.9547,-6.18872,-9.78877,549.517,556.309,568.004,586.055,63.2328,47.4814,1,0
3512,VNINDEX,2015-04-23,562.85,564.45,557.57,561.25,71098600.0,48.8549,-1.14502,-2.96509,562.438,554.753,566.048,585.578,67.2448,43.5905,1,0
3518,VNINDEX,2015-05-07,548.51,554.22,547.53,552.98,65236700.0,44.5846,-2.88939,-2.65782,557.922,557.094,564.941,584.565,48.7112,42.669,1,0
3521,VNINDEX,2015-05-12,551.98,552.56,542.7,544.41,72362300.0,38.6353,-3.60024,-3.36411,554.002,557.683,564.127,583.992,33.9563,39.3351,0,1
3556,VNINDEX,2015-06-30,588.77,598.98,588.77,593.05,136065000.0,62.5447,6.92178,8.56141,587.563,582.48,569.803,577.381,66.0663,54.3003,0,1
3559,VNINDEX,2015-07-03,608.82,617.96,608.82,616.43,154569000.0,73.6535,9.30702,9.42897,594.534,587.414,570.508,576.971,58.4847,62.751,1,0
3569,VNINDEX,2015-07-17,628.45,631.67,626.21,628.63,97179100.0,65.7231,14.1783,17.4441,628.721,611.628,576.057,577.406,65.2122,57.9755,0,1
3577,VNINDEX,2015-07-29,632.0,634.64,624.7,624.7,111883000.0,55.8023,9.50799,13.2697,627.743,626.562,578.639,578.233,60.425,47.6155,1,0
3583,VNINDEX,2015-08-06,607.84,609.31,600.85,601.04,108566000.0,41.0586,0.68005,5.4059,618.887,623.716,579.967,578.096,39.053,30.8467,1,0
3609,VNINDEX,2015-09-14,569.21,572.25,561.46,562.17,73159900.0,44.2324,-7.38777,-11.839,563.314,560.84,582.775,574.801,54.1216,50.4883,1,0
3617,VNINDEX,2015-09-24,573.5,575.36,570.12,570.25,97457100.0,49.5393,-2.39985,-5.01255,567.333,565.212,583.607,574.356,53.8377,53.064,1,0
3625,VNINDEX,2015-10-06,577.45,581.38,574.63,581.29,151905000.0,59.9061,-0.817733,-2.51837,567.92,567.698,585.404,574.359,61.9484,56.4119,0,1
3633,VNINDEX,2015-10-16,592.4,599.74,592.4,593.02,126452000.0,65.7128,5.92365,5.22899,586.4,576.862,587.822,576.511,83.3984,48.3138,1,0
3637,VNINDEX,2015-10-22,590.24,595.81,589.74,595.08,88520600.0,64.8852,6.17332,6.9695,591.674,580.966,588.698,577.676,74.3741,42.9622,1,0
3646,VNINDEX,2015-11-04,614.29,617.93,610.6,610.6,97491500.0,67.8901,8.28313,9.31499,602.775,596.81,590.964,579.802,56.413,51.6543,1,0
3676,VNINDEX,2015-12-16,570.36,575.54,570.36,572.55,96949800.0,43.9194,-8.16531,-10.3606,567.621,578.169,583.676,581.019,47.4786,46.4435,1,0
3678,VNINDEX,2015-12-18,574.66,578.0,568.18,568.18,179001000.0,41.6219,-6.8635,-9.58347,567.55,575.115,582.616,580.791,53.2364,40.3775,0,1
3688,VNINDEX,2016-01-04,579.03,579.97,573.15,574.41,95930600.0,49.182,-2.10529,-4.60953,571.044,569.297,579.028,580.194,60.7816,55.3797,0,1
3704,VNINDEX,2016-01-26,534.06,542.98,531.27,537.73,129407000.0,41.1406,-11.2831,-13.0422,537.222,553.672,577.013,579.818,33.7925,51.6117,1,0
3736,VNINDEX,2016-03-17,581.55,583.53,579.26,579.26,138980000.0,64.0036,6.56587,7.93886,575.779,569.614,572.066,580.246,71.881,44.9679,0,1
3754,VNINDEX,2016-04-12,580.9,582.97,577.17,579.84,138444000.0,61.0747,1.84122,0.889295,567.654,570.666,565.628,579.207,47.9546,60.9149,0,1
3764,VNINDEX,2016-04-27,601.79,601.79,591.35,593.96,134187000.0,63.9854,6.11987,5.11556,582.591,575.122,564.38,577.705,71.1055,51.6628,0,1
3769,VNINDEX,2016-05-06,602.4,608.94,602.17,606.52,113046000.0,70.1171,8.56766,8.58071,594.937,584.695,565.807,576.894,72.529,54.9529,0,1
3773,VNINDEX,2016-05-12,615.55,617.56,612.12,612.12,86561500.0,70.0312,10.0336,10.818,602.618,591.898,567.519,576.575,79.0455,55.6262,0,1
3775,VNINDEX,2016-05-16,610.13,616.17,608.49,615.78,90054000.0,71.1706,10.376,11.6371,606.715,595.336,568.483,576.374,71.8984,56.3097,1,0
3779,VNINDEX,2016-05-20,620.72,622.48,614.41,614.81,89160500.0,63.272,10.8654,13.1498,614.289,604.613,570.448,576.261,72.2526,46.6544,0,1
3800,VNINDEX,2016-06-20,622.04,626.46,620.41,626.46,94735400.0,58.9211,5.40908,7.60432,626.047,620.727,582.867,580.461,70.9163,51.3823,1,0
3811,VNINDEX,2016-07-05,650.47,658.45,647.52,650.88,140424000.0,71.5553,7.11878,6.49869,632.444,629.413,593.293,584.244,70.8272,67.1992,0,1
3815,VNINDEX,2016-07-11,658.92,664.89,648.77,652.26,146648000.0,65.1048,9.92626,10.0503,644.524,634.862,597.672,585.981,64.813,58.6492,1,0
3840,VNINDEX,2016-08-15,654.06,659.47,653.64,659.47,114386000.0,58.7376,1.38057,-0.356248,641.754,648.338,618.343,594.704,56.8781,66.8338,0,1
3853,VNINDEX,2016-09-01,674.19,674.72,664.77,669.19,93925000.0,60.4228,6.21178,6.47484,665.207,657.464,630.822,598.372,59.2804,53.2037,0,1
3856,VNINDEX,2016-09-07,663.05,663.68,656.22,661.28,88002500.0,52.1532,4.59375,6.35836,666.268,662.241,633.345,599.232,51.5829,46.9212,1,0
3858,VNINDEX,2016-09-09,669.24,672.39,666.88,666.88,95460800.0,57.1081,4.28435,5.89099,667.636,663.46,635.193,599.865,51.1587,47.6413,0,1
3888,VNINDEX,2016-10-21,685.77,687.54,683.76,684.83,111997000.0,56.2725,4.36291,5.85075,683.431,684.14,656.375,615.31,58.3558,50.9511,0,1
3893,VNINDEX,2016-10-28,676.74,682.25,675.85,682.25,103030000.0,53.8125,1.52979,3.0737,681.004,682.341,658.988,618.106,51.9779,56.7703,0,1
3896,VNINDEX,2016-11-02,675.68,678.14,671.4,671.4,128035000.0,43.3721,0.0484993,1.53163,678.198,680.817,660.437,619.836,36.7718,52.8896,0,1
3903,VNINDEX,2016-11-11,678.38,679.56,676.73,679.2,96643500.0,52.9356,-0.662397,-1.11254,673.639,677.322,663.718,624.794,44.407,69.0464,0,1
3907,VNINDEX,2016-11-17,674.5,676.48,673.13,674.57,119114000.0,48.7474,-0.774707,-1.07263,674.144,675.233,665.739,627.45,36.9908,58.3734,0,1
3915,VNINDEX,2016-11-29,665.11,667.79,658.26,658.26,111430000.0,34.625,-1.88047,-0.741681,673.938,673.534,667.712,632.692,41.8064,47.0191,1,0
3916,VNINDEX,2016-11-30,658.44,665.78,654.99,665.07,115315000.0,42.119,-2.33472,-1.29128,672.985,673.217,667.774,633.255,42.1106,51.5464,1,0
3928,VNINDEX,2016-12-16,670.43,675.19,668.3,675.16,155853000.0,56.6362,-2.35644,-4.60007,660.777,666.074,667.883,639.031,53.9633,58.9857,0,1
3949,VNINDEX,2017-01-17,678.83,684.73,678.83,684.71,94123200.0,60.6734,4.64129,4.87079,681.578,673.266,672.644,649.758,74.5172,53.4466,0,1
3969,VNINDEX,2017-02-21,711.49,718.06,711.49,716.55,198967000.0,75.0527,8.54228,10.0628,707.452,700.382,679.676,661.327,80.2445,60.4214,1,0
3972,VNINDEX,2017-02-24,716.35,717.94,713.7,714.47,231147000.0,69.8156,8.58706,10.4108,711.663,705.219,680.56,662.955,69.3624,53.7504,1,0
4000,VNINDEX,2017-04-05,724.89,726.03,722.49,723.22,196707000.0,60.6303,3.95161,4.74259,722.086,717.827,690.786,676.547,55.5846,36.3754,1,0
4001,VNINDEX,2017-04-07,721.85,727.95,720.28,727.95,189772000.0,65.8113,4.22609,4.84206,722.925,718.435,691.362,677.047,63.5988,52.2298,1,0
4002,VNINDEX,2017-04-10,728.71,730.9,727.77,729.87,144425000.0,67.671,4.54613,5.01834,723.698,719.318,691.879,677.564,63.45,52.9145,1,0
4026,VNINDEX,2017-05-16,725.84,727.86,725.03,725.03,283955000.0,59.4218,2.07934,1.6725,722.758,717.823,704.148,685.876,72.4883,57.3829,1,0
4028,VNINDEX,2017-05-18,727.2,729.0,723.8,726.99,207715000.0,61.9427,2.4862,2.27395,724.021,719.244,705.279,686.581,78.2481,58.1477,1,0
4032,VNINDEX,2017-05-24,739.91,744.27,737.3,742.74,199021000.0,72.8741,5.74726,4.92601,731.652,724.762,708.214,688.548,64.1493,64.7592,0,1
4036,VNINDEX,2017-05-30,747.07,747.43,738.21,738.21,243938000.0,60.3143,6.47723,7.14386,738.556,730.657,711.37,690.766,63.2572,51.3387,0,1
4041,VNINDEX,2017-06-06,743.99,751.31,743.99,751.31,170985000.0,69.5523,6.22517,7.27104,742.575,736.192,714.981,692.923,55.7176,57.6633,1,0
4054,VNINDEX,2017-06-23,765.66,769.01,763.64,769.01,212982000.0,75.9861,9.30498,10.8356,762.81,753.955,724.839,699.141,70.2396,74.0278,1,0
4071,VNINDEX,2017-07-18,766.88,770.37,762.68,767.49,200171000.0,50.3582,4.66753,7.49088,773.909,772.676,736.233,708.267,54.3596,54.1955,1,0
4072,VNINDEX,2017-07-19,771.33,774.12,770.18,771.3,205221000.0,53.9864,4.24587,6.85282,773.207,772.87,736.801,708.681,54.4737,59.1172,0,1
4073,VNINDEX,2017-07-20,768.56,768.56,763.55,768.41,172387000.0,50.9447,3.63659,6.18422,771.783,772.976,737.311,709.094,48.3083,55.2482,0,1
4074,VNINDEX,2017-07-21,768.9,770.43,761.86,761.86,162474000.0,44.7861,2.59528,5.35683,770.396,772.618,737.822,709.488,42.0454,45.8164,0,1
4085,VNINDEX,2017-08-07,789.41,796.09,788.66,792.98,210248000.0,68.5437,6.27678,5.82817,781.648,775.681,745.133,714.786,67.257,71.4094,0,1
4094,VNINDEX,2017-08-18,762.82,770.79,762.46,768.97,162337000.0,44.7179,0.0233121,2.08003,776.108,777.216,750.273,719.012,36.9464,53.6756,0,1
4095,VNINDEX,2017-08-21,767.42,769.71,765.95,768.79,152433000.0,44.561,-0.438095,1.36541,773.689,777.669,750.756,719.473,35.6835,54.7721,0,1
4126,VNINDEX,2017-10-04,797.39,805.66,797.0,805.66,109395000.0,60.6704,4.73624,7.09661,804.089,803.54,773.724,738.936,30.1366,47.2281,0,1
4140,VNINDEX,2017-10-24,818.08,825.24,814.92,825.24,141570000.0,65.5743,7.54826,9.04469,822.726,813.94,784.848,749.537,78.4952,52.7007,1,0
4144,VNINDEX,2017-10-30,842.92,849.3,842.92,845.2,162158000.0,77.3218,9.54186,10.1499,830.343,820.497,788.266,752.673,84.5677,64.133,0,1
4157,VNINDEX,2017-11-16,880.17,892.8,880.17,892.8,169640000.0,83.2275,17.7183,18.1693,866.709,849.933,800.696,763.809,85.2213,73.7808,0,1
4177,VNINDEX,2017-12-14,925.51,936.29,923.99,935.85,154276000.0,59.3407,15.678,24.9686,941.505,935.57,833.368,786.451,59.6543,55.7506,0,1
4181,VNINDEX,2017-12-20,945.12,958.82,945.12,953.51,174391000.0,63.7546,15.3866,20.246,938.191,943.218,840.16,791.116,51.2212,64.3982,0,1
4204,VNINDEX,2018-01-25,1098.44,1116.95,1098.44,1104.57,445946000.0,79.2126,34.1813,38.4312,1060.18,1029.37,895.968,825.559,80.1216,70.2486,1,0
4207,VNINDEX,2018-01-30,1099.98,1110.56,1092.44,1110.56,287686000.0,77.7071,37.8477,42.7944,1080.14,1050.62,905.502,831.471,79.7638,69.0434,0,1
4218,VNINDEX,2018-02-21,1073.33,1092.65,1070.43,1087.15,165150000.0,58.5605,8.88441,14.4123,1052.14,1068.49,933.378,850.332,48.618,61.5311,0,1
4227,VNINDEX,2018-03-06,1106.28,1120.29,1091.67,1120.29,210381000.0,60.0764,20.1898,22.8557,1107.25,1080.86,960.88,867.692,49.0894,55.815,0,1
4229,VNINDEX,2018-03-08,1112.24,1126.35,1111.76,1124.15,186945000.0,60.2008,20.066,23.4986,1114.57,1082.18,967.077,871.57,63.0392,56.2893,0,1
4239,VNINDEX,2018-03-22,1175.22,1180.44,1169.48,1172.36,215544000.0,70.6592,25.1162,28.2192,1147.04,1130.8,999.654,891.842,71.8464,58.5512,0,1
4243,VNINDEX,2018-03-28,1168.87,1179.18,1165.71,1172.24,165208000.0,66.3265,23.7319,28.9064,1161.81,1141.32,1013.08,900.194,65.6161,52.0344,0,1
4253,VNINDEX,2018-04-11,1201.51,1202.46,1167.11,1167.11,245785000.0,52.2442,20.063,27.5202,1188.06,1174.93,1046.99,921.553,56.7246,36.1889,1,0
4262,VNINDEX,2018-04-24,1064.86,1084.89,1048.68,1080.74,166005000.0,33.9881,-12.651,-2.64645,1130.96,1159.77,1067.27,937.471,17.8507,41.397,0,1
4283,VNINDEX,2018-05-28,938.86,951.34,927.47,931.75,191197000.0,24.6644,-37.4576,-38.1042,1007.07,1026.18,1084.66,964.029,19.6807,38.0138,1,0
4301,VNINDEX,2018-06-21,979.57,979.57,966.28,969.4,93513800.0,38.8526,-13.9485,-13.1609,1006.14,996.478,1082.08,984.506,49.1864,49.5716,1,0
4311,VNINDEX,2018-07-05,914.48,921.85,892.67,899.4,127435000.0,29.5106,-27.0135,-25.5155,951.13,978.635,1067.66,992.392,19.2482,40.1088,1,0
4350,VNINDEX,2018-08-29,995.05,995.05,987.47,988.17,147774000.0,62.13,10.6302,11.6764,981.383,972.996,999.059,1018.12,57.0757,64.047,1,0
4360,VNINDEX,2018-09-13,987.48,992.96,984.92,987.95,148842000.0,57.6967,4.81961,6.19152,978.944,980.164,981.409,1022.88,58.2193,49.909,1,0
4362,VNINDEX,2018-09-17,990.65,993.83,987.02,987.61,146741000.0,56.7534,5.46552,6.32317,978.078,982.453,979.623,1023.44,57.9718,54.0482,1,0
4393,VNINDEX,2018-10-30,881.32,894.8,880.85,888.69,119547000.0,23.726,-24.857,-22.6934,929.785,958.375,966.033,1026.05,33.9706,38.7368,1,0
4416,VNINDEX,2018-11-30,924.49,928.92,921.08,926.54,128769000.0,50.6056,-3.3096,-7.22738,922.771,917.89,956.786,1009.29,56.8995,49.2925,1,0
4420,VNINDEX,2018-12-06,954.61,959.59,948.44,954.82,145040000.0,62.5545,5.1356,0.925301,936.804,924.208,958.165,1006.78,64.2447,71.8879,1,0
4440,VNINDEX,2019-01-07,890.47,896.63,885.3,889.64,87417100.0,35.9859,-13.8644,-13.9757,894.437,919.269,951.554,985.369,17.6485,44.7487,0,1
4445,VNINDEX,2019-01-14,903.83,903.83,897.18,901.8,102798000.0,45.163,-9.4673,-13.8053,892.029,904.102,947.785,978.522,40.4721,64.8141,1,0
4455,VNINDEX,2019-01-28,912.53,913.43,908.9,912.18,105336000.0,53.2035,-1.5286,-3.99126,907.82,899.924,940.169,964.566,71.9031,53.6616,1,0
4463,VNINDEX,2019-02-14,946.54,953.66,945.99,952.34,156655000.0,73.5233,7.53568,4.24326,923.338,914.752,935.575,957.342,81.1839,69.6571,0,1
4470,VNINDEX,2019-02-25,996.06,999.9,992.72,994.43,180933000.0,84.0034,20.0764,18.6931,965.316,938.747,933.252,954.871,90.4825,68.7559,0,1
4472,VNINDEX,2019-02-27,989.61,994.46,988.09,990.27,204617000.0,77.6605,20.9784,21.9434,974.77,946.877,932.726,954.389,86.651,63.9278,0,1
4483,VNINDEX,2019-03-14,1006.37,1011.39,1002.09,1008.44,182828000.0,70.0573,17.3813,21.3606,993.961,985.022,932.892,953.226,65.6885,56.8552,0,1
4485,VNINDEX,2019-03-18,1007.92,1013.29,1007.92,1011.86,188365000.0,69.5282,17.2708,21.1589,998.197,990.211,933.701,953.802,65.8036,60.3942,0,1
4487,VNINDEX,2019-03-20,1002.86,1003.25,992.02,1002.3,180046000.0,62.3931,15.8997,20.5397,1000.39,993.909,934.671,954.026,58.4416,65.082,0,1
4490,VNINDEX,2019-03-25,976.53,976.53,964.76,970.07,177633000.0,44.6955,8.94052,16.165,998.06,992.392,936.351,953.374,37.1007,41.352,0,1
4505,VNINDEX,2019-04-16,970.87,978.53,963.06,977.17,130942000.0,45.9615,1.18879,2.87137,986.041,985.391,947.357,952.047,63.9875,56.2921,0,1
4518,VNINDEX,2019-05-08,950.1,953.88,947.86,951.22,116118000.0,34.573,-5.50988,-4.55109,968.394,974.389,952.839,955.26,48.7967,41.6995,0,1
4526,VNINDEX,2019-05-20,975.95,987.13,974.47,987.13,134338000.0,60.8162,-0.674912,-4.19616,964.716,967.542,953.677,956.604,65.3129,69.8723,0,1
4545,VNINDEX,2019-06-14,948.65,954.7,948.65,953.61,115324000.0,42.8941,-4.95367,-5.60636,953.836,964.81,965.468,956.626,34.5826,54.2096,0,1
4546,VNINDEX,2019-06-17,953.97,955.18,944.47,946.95,104933000.0,38.9045,-5.43838,-5.8928,953.884,962.801,965.84,956.424,35.0121,48.3433,0,1
4564,VNINDEX,2019-07-11,976.95,980.02,975.03,978.63,133660000.0,59.9437,3.41926,1.98887,967.398,960.592,973.636,954.382,44.2641,68.7676,0,1
4573,VNINDEX,2019-07-24,993.01,994.85,986.34,988.41,132815000.0,62.235,6.57706,6.81302,980.954,972.4,973.846,953.019,66.43,57.8587,1,0
4577,VNINDEX,2019-07-30,1001.46,1002.77,986.02,986.02,133259000.0,55.9025,7.64586,8.77771,987.313,979.981,973.963,952.638,66.5708,49.0101,1,0
4586,VNINDEX,2019-08-12,975.38,977.63,973.22,975.31,125710000.0,48.3766,0.456108,2.95941,979.475,983.198,972.034,953.109,49.6855,42.631,0,1
4600,VNINDEX,2019-08-30,980.25,984.87,980.25,984.06,126206000.0,52.6066,1.30927,2.07587,984.937,978.654,971.63,957.591,56.6044,45.7446,0,1
4601,VNINDEX,2019-09-03,984.79,985.21,978.62,979.36,126148000.0,49.0267,0.990367,1.84546,984.77,978.964,971.539,957.916,57.057,42.0971,0,1
4603,VNINDEX,2019-09-05,979.83,981.67,976.79,976.79,113825000.0,47.0922,0.204761,1.19964,982.307,980.158,971.405,958.571,49.9034,40.1957,0,1
4604,VNINDEX,2019-09-06,977.83,978.73,973.87,974.08,108570000.0,44.9752,-0.316538,0.77518,979.989,980.1,971.317,958.937,42.4057,43.0133,1,0
4608,VNINDEX,2019-09-12,972.39,976.07,972.31,976.07,123174000.0,48.2781,-1.73853,-1.14085,976.027,980.318,971.436,960.233,21.2852,41.09,1,0
4626,VNINDEX,2019-10-08,983.62,988.51,981.89,988.22,153447000.0,50.6244,1.92881,3.49453,991.458,989.513,975.662,964.669,36.7086,42.561,0,1
4646,VNINDEX,2019-11-05,1022.77,1026.53,1021.63,1024.34,172233000.0,75.7581,7.16095,5.26191,1003.24,996.514,982.405,974.122,72.6669,59.1596,1,0
4659,VNINDEX,2019-11-22,992.73,993.7,971.03,977.78,196749000.0,30.965,-0.979197,3.6398,1004.77,1008.68,989.113,980.62,21.0176,28.4296,0,1
4666,VNINDEX,2019-12-03,957.4,960.82,950.96,953.43,176408000.0,21.7189,-10.7794,-8.59185,975.142,995.214,988.855,981.357,19.7367,27.4692,1,0
4669,VNINDEX,2019-12-06,962.38,965.41,960.99,963.56,139313000.0,33.8123,-11.0819,-11.7297,967.792,986.279,988.375,981.085,34.5724,39.3135,1,0
4679,VNINDEX,2019-12-20,953.55,957.52,952.71,956.41,183446000.0,37.1487,-9.66597,-12.0205,959.779,963.786,985.318,979.689,41.3624,43.8149,1,0
4681,VNINDEX,2019-12-24,958.73,959.09,953.29,958.88,173208000.0,39.9794,-8.48187,-11.3986,958.974,962.044,984.858,979.351,42.0636,47.4095,1,0
4683,VNINDEX,2019-12-26,960.67,962.11,957.43,958.59,160431000.0,40.3769,-7.34321,-10.3824,957.93,960.591,984.748,978.879,42.5247,56.4277,1,0
4686,VNINDEX,2019-12-31,965.71,965.71,958.22,960.99,144442000.0,43.7827,-5.27334,-8.28358,958.715,960.893,984.394,978.214,47.8587,59.3819,1,0
4693,VNINDEX,2020-01-10,961.17,969.71,961.17,968.54,163059000.0,53.1692,-3.21542,-5.10905,961.368,959.649,983.084,977.477,57.2501,57.9217,0,1
4699,VNINDEX,2020-01-20,978.23,979.85,975.93,978.63,102399000.0,60.1976,1.6188,-0.619822,966.885,964.19,982.355,977.06,56.7005,69.3932,1,0
4704,VNINDEX,2020-02-03,916.6,930.37,891.85,928.14,246408000.0,31.9732,-3.35503,0.214725,966.863,964.232,981.457,976.387,50.6772,51.6598,1,0
4726,VNINDEX,2020-03-04,887.85,889.85,882.83,889.37,195439000.0,32.3187,-17.0934,-18.5035,902.524,918.738,966.408,971.035,28.8868,53.0307,1,0
4752,VNINDEX,2020-04-10,759.08,764.36,751.59,757.94,295263000.0,50.2355,-24.0603,-45.2551,715.261,715.081,899.312,942.779,71.5738,75.002,1,0
4763,VNINDEX,2020-04-27,780.65,785.74,770.77,770.77,256843000.0,51.2734,1.50484,-1.16808,776.7,749.467,875.625,932.456,61.9604,50.8682,0,1
4774,VNINDEX,2020-05-14,830.97,836.19,826.17,832.4,273950000.0,68.9855,16.7361,14.0505,801.886,789.283,857.498,922.363,66.0177,75.7977,0,1
4793,VNINDEX,2020-06-10,898.78,902.69,890.3,900.0,514286000.0,75.718,24.6027,29.3142,882.997,866.318,840.17,911.627,64.7739,61.1036,0,1
4794,VNINDEX,2020-06-11,900.48,903.7,867.37,867.37,665612000.0,55.3367,21.7368,28.5969,883.595,868.066,839.185,910.978,60.0823,47.5226,0,1
4800,VNINDEX,2020-06-19,857.77,868.56,857.77,868.56,372262000.0,55.1115,8.23017,14.9718,869.711,870.669,831.961,907.169,52.1806,47.145,1,0
4818,VNINDEX,2020-07-15,872.8,876.69,869.91,869.91,223491000.0,56.2588,4.31699,3.41447,863.348,858.052,817.418,895.825,55.2653,49.5559,1,0
4825,VNINDEX,2020-07-24,854.23,854.57,816.65,829.16,436846000.0,35.4441,-0.886888,2.5912,861.967,857.219,814.9,891.149,29.2225,38.5386,0,1
4827,VNINDEX,2020-07-28,786.72,814.4,786.67,813.36,310646000.0,37.7478,-8.72411,-2.94301,848.137,854.422,813.059,889.261,28.0078,39.1724,0,1
4840,VNINDEX,2020-08-14,854.29,860.32,848.38,850.74,285091000.0,54.5331,-0.215074,-4.75219,840.051,832.674,821.872,878.793,70.3968,56.289,0,1
4866,VNINDEX,2020-09-22,905.9,909.69,902.47,906.19,367748000.0,68.2986,11.9521,14.5377,896.453,891.154,857.611,863.694,49.2844,62.6067,1,0
4870,VNINDEX,2020-09-28,911.2,913.6,910.04,912.5,378529000.0,68.9936,12.0095,14.6958,904.47,898.183,862.459,862.61,56.5404,62.1783,0,1
4873,VNINDEX,2020-10-01,910.13,914.09,909.13,914.09,330218000.0,66.0998,10.588,13.6962,908.021,900.479,864.713,861.775,54.5501,54.4859,0,1
4877,VNINDEX,2020-10-07,913.62,923.57,912.69,919.72,496267000.0,67.4796,10.2031,12.7003,911.261,905.016,867.89,860.911,57.3052,58.1534,0,1
4886,VNINDEX,2020-10-20,941.0,944.54,937.32,944.42,385659000.0,78.5094,13.819,15.5129,933.26,921.899,874.433,859.795,69.7158,69.1474,0,1
4925,VNINDEX,2020-12-14,1048.97,1064.09,1048.97,1064.09,506373000.0,81.6318,24.2272,27.0956,1030.38,1011.43,919.29,867.095,77.1464,74.022,0,1
4927,VNINDEX,2020-12-16,1058.34,1066.99,1057.21,1066.99,556547000.0,77.527,25.5475,28.7574,1040.29,1020.42,924.528,868.793,69.3527,69.6491,0,1
4932,VNINDEX,2020-12-23,1087.89,1094.09,1077.92,1078.9,742856000.0,72.179,26.9032,31.4585,1062.59,1040.4,937.828,874.881,77.3546,58.2915,0,1
4945,VNINDEX,2021-01-12,1190.38,1192.28,1179.24,1192.28,684080000.0,86.9237,40.3285,42.6364,1139.85,1106.33,974.155,902.241,93.1492,73.7399,0,1
4966,VNINDEX,2021-02-17,1127.46,1155.78,1127.46,1155.78,510972000.0,57.0169,0.400221,-3.37404,1089.59,1123.27,1023.75,940.681,59.823,67.8647,1,0
4970,VNINDEX,2021-02-23,1174.57,1184.32,1168.32,1177.64,572466000.0,59.873,14.2339,8.28563,1140.48,1123.07,1034.34,948.399,84.2613,64.7813,0,1
4985,VNINDEX,2021-03-16,1184.91,1184.91,1171.76,1179.9,629618000.0,57.4828,13.078,16.8887,1175.22,1173.86,1072.03,972.903,50.7602,64.7501,1,0
4991,VNINDEX,2021-03-24,1169.42,1174.2,1154.22,1161.81,649804000.0,47.2324,10.3261,15.5896,1184.85,1178.98,1086.32,981.984,49.4945,55.5058,1,0
5005,VNINDEX,2021-04-13,1262.44,1268.02,1247.66,1248.33,977742000.0,68.6347,21.1708,22.5307,1231.77,1206.29,1124.54,1006.49,73.8694,60.1708,1,0
5021,VNINDEX,2021-05-10,1239.96,1259.58,1236.85,1259.58,732066000.0,58.8928,11.2334,14.0014,1240.36,1243.47,1163.08,1037.3,42.5289,68.9147,0,1
5024,VNINDEX,2021-05-13,1262.98,1273.49,1261.99,1261.99,680369000.0,58.2576,12.4719,14.3658,1250.67,1246.88,1169.79,1043.36,49.7724,55.5407,1,0
5027,VNINDEX,2021-05-18,1259.57,1262.22,1249.02,1252.68,661612000.0,53.9969,11.1652,14.3544,1257.32,1248.19,1175.7,1050.11,57.1364,51.3807,1,0
5033,VNINDEX,2021-05-26,1308.04,1317.3,1304.68,1316.7,676237000.0,70.8996,19.1717,18.5752,1278.76,1262.6,1188.88,1064.5,78.2622,75.2182,0,1
5039,VNINDEX,2021-06-03,1345.21,1366.0,1345.21,1364.28,856882000.0,76.7601,28.0278,28.5166,1320.21,1290.45,1202.86,1079.13,79.2731,72.8971,1,0
5050,VNINDEX,2021-06-18,1366.19,1377.77,1363.52,1377.77,750587000.0,65.964,24.5078,29.9414,1351.02,1340.12,1223.02,1106.19,56.6883,66.3571,0,1
5052,VNINDEX,2021-06-22,1380.84,1385.98,1375.0,1379.97,694747000.0,65.5715,24.6366,29.8906,1358.41,1347.42,1227.56,1111.09,57.1354,62.1483,0,1
5060,VNINDEX,2021-07-02,1422.89,1424.28,1415.82,1420.27,653610000.0,73.315,27.9536,32.3,1396.11,1373.56,1252.07,1131.4,77.2757,67.4689,0,1
5063,VNINDEX,2021-07-07,1361.76,1388.55,1334.58,1388.55,733801000.0,55.5693,20.1723,29.3299,1398.61,1380.71,1260.11,1138.74,68.505,53.0924,0,1
5067,VNINDEX,2021-07-13,1305.36,1307.73,1278.3,1297.54,500179000.0,36.0213,-0.809949,14.0015,1371.6,1376.27,1267.98,1147.18,52.6546,46.7201,0,1
5087,VNINDEX,2021-08-10,1367.99,1370.35,1358.12,1362.43,677982000.0,61.4203,5.50239,-3.24769,1327.14,1302.21,1293.08,1185.07,83.1115,66.86,0,1
5094,VNINDEX,2021-08-19,1360.61,1374.85,1352.94,1374.85,653255000.0,62.4715,13.0264,12.4108,1360.15,1331.38,1306.11,1199.89,61.9078,56.7243,0,1
5096,VNINDEX,2021-08-23,1322.71,1327.04,1298.86,1298.86,768105000.0,40.0074,5.31975,11.1234,1352.84,1335.72,1308.62,1203.69,45.9299,44.8724,0,1
5098,VNINDEX,2021-08-25,1300.74,1310.16,1291.7,1309.55,481772000.0,43.4822,-0.691622,6.35506,1341.65,1338.43,1310.29,1207.34,39.051,42.5994,0,1
5104,VNINDEX,2021-09-06,1340.71,1348.34,1339.8,1346.39,889375000.0,55.2706,-0.0803092,-1.00953,1319.16,1339.65,1315.47,1218.52,53.7154,67.2563,0,1
5108,VNINDEX,2021-09-10,1349.07,1350.43,1345.07,1345.31,559051000.0,54.5464,2.51938,1.09973,1331.98,1336.81,1319.22,1225.96,60.7058,51.382,0,1
5131,VNINDEX,2021-10-13,1397.93,1400.67,1389.75,1391.91,608348000.0,67.9606,12.7459,10.3141,1365.35,1355.02,1342.01,1263.05,64.1031,69.3674,0,1
5139,VNINDEX,2021-10-25,1395.56,1395.72,1385.4,1385.4,868074000.0,59.5706,12.5218,16.3684,1391.53,1373.03,1347.1,1274.98,56.3985,46.1326,1,0
5144,VNINDEX,2021-11-01,1449.36,1451.81,1435.65,1438.97,1092940000.0,74.641,20.5666,20.6988,1408.44,1395.07,1351.36,1281.73,55.1262,64.8993,1,0
5155,VNINDEX,2021-11-16,1472.83,1476.97,1459.08,1466.45,1157500000.0,68.5748,24.6501,30.3796,1462.2,1438.18,1361.37,1297.85,63.7006,60.4909,1,0
5168,VNINDEX,2021-12-03,1489.57,1491.2,1443.32,1443.32,1034480000.0,44.9112,13.3302,21.1373,1476.74,1471.91,1374.9,1321.97,46.0485,37.8472,0,1
5177,VNINDEX,2021-12-16,1481.85,1482.19,1469.01,1476.61,889613000.0,55.8754,6.90086,8.04389,1459.24,1468.44,1391.46,1334.83,60.6394,53.0209,1,0
5188,VNINDEX,2021-12-31,1490.17,1499.07,1489.71,1498.28,846534000.0,60.4321,8.59794,9.04873,1482.11,1472.5,1408.18,1351.45,64.1509,54.7915,1,0
5210,VNINDEX,2022-02-09,1501.67,1511.72,1499.53,1505.38,754188000.0,56.9317,2.64374,-1.0665,1479.28,1484.15,1441.32,1381.03,56.2372,63.8895,1,0
5214,VNINDEX,2022-02-15,1473.92,1495.56,1470.06,1492.75,572156000.0,52.2751,3.30641,2.88386,1490.85,1480.16,1447.1,1386.34,58.4563,54.7464,0,1
5221,VNINDEX,2022-02-24,1511.84,1513.25,1473.76,1494.85,1133050000.0,50.7732,6.16919,7.01055,1499.28,1491.36,1458.39,1395.37,45.7354,61.6799,1,0
5224,VNINDEX,2022-03-01,1493.93,1501.73,1491.48,1498.78,796369000.0,51.9969,4.32011,6.33738,1501.42,1496.14,1463.1,1398.87,46.9785,52.7512,0,1
5232,VNINDEX,2022-03-11,1478.44,1480.29,1458.88,1466.54,855644000.0,41.6746,-3.10287,0.226568,1487.69,1493.34,1471.69,1407.27,38.9053,45.1646,0,1
5241,VNINDEX,2022-03-24,1503.91,1505.39,1495.18,1498.26,753773000.0,55.3279,0.301637,-3.97161,1475.46,1483.19,1479.06,1413.49,46.2161,54.6499,1,0
5261,VNINDEX,2022-04-22,1378.28,1392.89,1352.43,1379.23,799751000.0,28.592,-26.5128,-19.5491,1431.83,1468.34,1480.79,1422.7,26.6587,28.2938,0,1
5264,VNINDEX,2022-04-27,1331.73,1355.92,1314.81,1353.77,485562000.0,33.3088,-38.2885,-35.252,1390.99,1444.67,1476.06,1422.14,25.3513,46.8837,0,1
5266,VNINDEX,2022-04-29,1347.08,1369.31,1343.24,1366.8,532838000.0,37.3183,-37.6569,-40.8386,1369.7,1431.43,1473.61,1422.51,37.8736,56.0276,0,1
5274,VNINDEX,2022-05-13,1235.03,1237.8,1180.6,1182.77,737016000.0,23.317,-56.448,-56.9774,1304.27,1347.63,1460.39,1422.88,34.0012,40.6123,0,1
5298,VNINDEX,2022-06-16,1227.24,1246.32,1223.0,1236.63,522295000.0,40.1282,-18.974,-18.33,1267.7,1268.36,1405.03,1414.81,40.6028,44.1394,0,1
5302,VNINDEX,2022-06-22,1180.11,1185.86,1162.98,1169.27,529235000.0,30.0536,-31.4535,-29.0602,1223.92,1257.26,1394.23,1412.14,26.5514,44.1796,1,0
5305,VNINDEX,2022-06-27,1188.65,1203.51,1187.43,1202.82,432865000.0,40.4209,-30.1426,-34.413,1199.75,1243.72,1385.99,1409.91,36.4128,44.9259,1,0
5313,VNINDEX,2022-07-07,1148.97,1166.48,1142.8,1166.48,363365000.0,36.7605,-25.7155,-30.2154,1191.39,1201.71,1361.91,1403.79,44.7485,43.4764,1,0
5316,VNINDEX,2022-07-12,1154.31,1174.82,1153.55,1174.82,475429000.0,41.3975,-24.6561,-30.4841,1180.89,1189.71,1351.99,1401.09,61.2054,48.0318,0,1
5319,VNINDEX,2022-07-15,1183.15,1189.66,1178.12,1179.25,543854000.0,43.0821,-20.0002,-27.7183,1172.97,1183.08,1342.15,1398.63,63.0274,58.7308,0,1
5327,VNINDEX,2022-07-27,1180.83,1191.04,1178.58,1191.04,387799000.0,47.9681,-8.114,-13.8098,1186.82,1181.65,1317.31,1392.27,53.6785,54.5303,1,0
5329,VNINDEX,2022-07-29,1214.32,1217.84,1206.33,1206.33,537058000.0,53.6077,-4.094,-9.98945,1192.13,1182.55,1311.73,1390.51,62.4043,49.1981,1,0
5341,VNINDEX,2022-08-16,1274.08,1275.93,1271.11,1274.69,569526000.0,70.8979,18.1013,18.8718,1259.2,1231.57,1285.31,1382.18,77.7568,66.7162,1,0
5352,VNINDEX,2022-08-31,1276.49,1285.29,1274.99,1280.51,462420000.0,62.5753,15.0486,19.7311,1275.34,1268.55,1260.29,1372.43,55.1867,63.1881,0,1
5355,VNINDEX,2022-09-07,1274.6,1275.07,1243.17,1243.17,796594000.0,42.8614,10.0387,16.8047,1274.8,1270.26,1254.22,1369.34,40.4463,37.9384,0,1
5365,VNINDEX,2022-09-21,1213.47,1217.28,1204.68,1210.55,325527000.0,36.3836,-8.62438,-4.48301,1233.68,1254.24,1239.7,1357.25,26.3734,42.5169,1,0
5370,VNINDEX,2022-09-28,1158.53,1162.6,1142.79,1143.62,527699000.0,22.9374,-21.917,-17.4987,1201.71,1229.85,1231.98,1350.4,19.9068,41.2713,0,1
5392,VNINDEX,2022-10-28,1036.27,1044.57,1026.53,1027.36,515678000.0,39.0358,-39.9818,-52.6913,1028.62,1043.09,1185.51,1302.53,48.6819,47.8426,1,0
5404,VNINDEX,2022-11-15,926.08,929.06,900.17,911.9,589036000.0,24.5826,-40.1858,-44.0937,973.729,998.495,1157.36,1273.07,36.0019,44.6305,1,0
5405,VNINDEX,2022-11-16,876.0,945.42,873.78,942.9,934066000.0,34.5524,-39.57,-45.1219,965.7,992.636,1154.76,1270.38,38.2258,56.6333,1,0
5418,VNINDEX,2022-12-05,1090.53,1099.45,1082.59,1093.67,1112170000.0,67.5695,10.518,-5.14687,1011.35,983.88,1131.06,1238.23,77.3167,78.4124,0,1
5427,VNINDEX,2022-12-16,1048.62,1064.79,1047.16,1052.48,790237000.0,56.0735,13.0172,15.2237,1052.35,1025.2,1118.5,1217.91,59.3972,42.0604,0,1
5434,VNINDEX,2022-12-27,986.07,1007.88,983.67,1004.57,507190000.0,44.8902,-1.73072,4.71847,1027.14,1040.07,1103.19,1202.02,33.2456,36.6677,1,0
5437,VNINDEX,2022-12-30,1017.45,1017.99,1007.09,1007.09,344379000.0,45.807,-3.57845,-0.398845,1014.52,1033.43,1095.79,1195.23,36.8674,39.4208,1,0
5458,VNINDEX,2023-02-07,1088.07,1092.12,1065.18,1065.84,595293000.0,49.5559,12.4731,19.1652,1092.3,1075.58,1055.11,1151.84,44.4321,44.4224,1,0
5474,VNINDEX,2023-03-01,1023.29,1040.55,1013.37,1040.55,469462000.0,45.1142,-6.82522,-4.46577,1052.05,1057.62,1034.25,1130.14,48.7418,47.8856,0,1
5502,VNINDEX,2023-04-10,1073.86,1075.54,1063.45,1065.35,789367000.0,53.9842,6.39244,6.63713,1067.93,1055.72,1042.34,1102.46,67.3094,55.2948,1,0
5519,VNINDEX,2023-05-08,1043.44,1053.44,1043.44,1053.44,591248000.0,51.9614,-3.48268,-4.36494,1043.23,1052.61,1052.23,1090.99,30.4749,56.4835,1,0
5520,VNINDEX,2023-05-09,1055.42,1058.71,1052.68,1053.77,502515000.0,52.173,-2.6765,-4.1256,1043.68,1051.75,1052.36,1090.38,38.9956,60.4066,1,0
5527,VNINDEX,2023-05-18,1063.66,1073.41,1060.94,1068.31,590882000.0,59.5613,2.99227,1.46259,1059.02,1051.64,1053.38,1085.94,66.5091,47.6423,0,1
5569,VNINDEX,2023-07-17,1171.75,1174.89,1168.77,1173.13,851191000.0,76.5746,16.852,17.8321,1149.29,1137.67,1077.38,1057.75,78.9982,74.6387,1,0
5576,VNINDEX,2023-07-26,1195.5,1201.39,1195.44,1200.84,848116000.0,83.4365,21.0255,23.2414,1180.02,1157.86,1087.89,1060.49,93.6207,73.0152,0,1
5619,VNINDEX,2023-09-27,1139.76,1153.85,1126.36,1153.85,777264000.0,36.1159,-11.6424,-3.95329,1195.14,1213.28,1157.24,1104.74,21.0263,40.4659,0,1
5622,VNINDEX,2023-10-02,1155.59,1161.48,1149.63,1155.25,465545000.0,36.9506,-16.0194,-13.0039,1175.02,1204.29,1160.17,1106.33,25.79,41.5154,0,1
5624,VNINDEX,2023-10-04,1106.61,1133.79,1106.4,1128.67,646114000.0,33.5215,-21.0747,-18.6751,1155.94,1192.6,1161.31,1107.16,16.9906,45.4506,0,1
5634,VNINDEX,2023-10-18,1123.73,1125.27,1088.87,1103.4,930514000.0,32.4548,-18.5094,-21.9122,1134.71,1145.32,1168.15,1112.54,39.3285,42.593,0,1
5638,VNINDEX,2023-10-24,1095.5,1107.11,1088.17,1105.9,443102000.0,38.9965,-21.9958,-25.267,1121.89,1130.24,1168.88,1114.14,47.3443,47.2258,0,1
5639,VNINDEX,2023-10-25,1106.41,1111.39,1100.07,1101.66,482997000.0,38.0255,-21.7676,-25.6238,1116.98,1127.63,1168.91,1114.42,53.58,48.8064,0,1
5640,VNINDEX,2023-10-26,1082.81,1083.12,1049.77,1055.45,1129480000.0,29.426,-25.027,-26.9135,1107.36,1122.78,1168.39,1114.42,43.8826,43.229,1,0
5647,VNINDEX,2023-11-06,1082.21,1089.86,1081.01,1089.66,571437000.0,46.1135,-25.1016,-34.2463,1067.58,1096.63,1164.6,1114.49,39.125,62.5639,0,1
5651,VNINDEX,2023-11-10,1105.75,1116.02,1100.61,1101.68,945389000.0,49.3978,-12.518,-23.7749,1076.15,1087.05,1164.19,1114.48,49.6811,63.3409,0,1
5659,VNINDEX,2023-11-22,1111.35,1115.47,1103.26,1113.82,812231000.0,52.2856,-0.998405,-4.7406,1110.25,1088.22,1162.75,1115.55,56.7675,55.9325,0,1
5664,VNINDEX,2023-11-29,1097.28,1105.28,1096.33,1102.8,562913000.0,49.8737,-3.08252,-3.70057,1102.51,1100.43,1160.65,1116.66,38.4717,57.0947,0,1
5668,VNINDEX,2023-12-05,1122.28,1124.11,1112.92,1115.97,753446000.0,54.0383,0.260957,-1.95775,1101.7,1105.95,1158.58,1117.39,40.9842,60.5363,1,0
5676,VNINDEX,2023-12-15,1109.55,1112.79,1102.3,1102.3,684450000.0,46.3246,2.63614,4.29316,1118.86,1109.16,1153.44,1120.66,49.5214,44.11,0,1
5694,VNINDEX,2024-01-11,1162.49,1169.1,1157.43,1162.22,782237000.0,71.8357,13.8816,13.6748,1148.27,1127.57,1137.05,1128.25,91.9557,61.4362,0,1
5707,VNINDEX,2024-01-30,1176.02,1179.92,1174.13,1179.65,564656000.0,68.4883,13.337,17.0902,1174.78,1165.59,1131.66,1134.96,69.1971,51.8389,0,1
5724,VNINDEX,2024-02-29,1259.59,1264.39,1247.7,1252.73,1012950000.0,75.6594,22.2611,24.3562,1230.3,1205.97,1136.11,1148.71,75.5615,58.1296,1,0
5730,VNINDEX,2024-03-08,1272.62,1274.3,1247.35,1247.35,1308500000.0,61.4097,23.0788,28.7373,1253.71,1232.34,1143.53,1154.56,61.6248,47.2224,0,1
5736,VNINDEX,2024-03-18,1266.11,1269.9,1221.67,1243.56,1616420000.0,53.6805,16.4841,23.2923,1257.11,1247.96,1151.59,1160.08,59.1428,48.9114,0,1
5746,VNINDEX,2024-04-01,1282.37,1286.8,1274.09,1281.52,899848000.0,60.8558,16.2208,19.8057,1274.97,1266.04,1172.29,1168.58,55.1363,53.0977,1,0
5753,VNINDEX,2024-04-10,1266.48,1268.72,1258.56,1258.56,633149000.0,49.582,5.70174,11.4015,1270.94,1268.75,1183.74,1173.74,47.933,44.1974,0,1
